browser,version,GMT_timestamp,local_timestamp,trial_file_version,link,completionCode,duration_s
Safari,"13.1",2022-11-30_20:56:35,2022-11-30_21:56:35,2022-11-22_13:56:43,https://www.testable.org/experiment/4346/924090/start,9OwoIVBo5kqkU8PN,3506.434

rowNo,type,stim1,stimFormat,ITI,condition1,head,trialText,button1,button2,button3,button4,button5,button6,key,random,waitStimEnd,randomBlock,responseType,responseOptions,required,if,then,label,responseOther,body,pageBreak,ITI_ms,ITI_f,ITI_fDuration,timestamp,response,RT,correct,responseCode
6,form,"","","","",I have taken note of the information and agree to participate in this study.,"",Continue,"","","","","","","","","",radio,Yes,"1","","","","","","",,"","",298588,Yes,6606,"0","1"
16,test,HugginsPitch_set2_2,.mp3,"800",HPCheck,Calibration,In which of theses sounds is the faint beep?,"1","2","3","","","","2","","1","","","","",incorrect,failedCheck,startHPCheck,"","","",7707,1,"7707.00",591281,"2",2051,"1",""
17,test,HugginsPitch_set3_3,.mp3,"800",HPCheck,Calibration,In which of theses sounds is the faint beep?,"1","2","3","","","","3","","1","","","","",incorrect,failedCheck,"","","","",802,48,"16.71",598934,"3",1097,"1",""
18,test,HugginsPitch_set4_1,.mp3,"800",HPCheck,Calibration,In which of theses sounds is the faint beep?,"1","2","3","","","","1","","1","","","","",incorrect,failedCheck,"","","","",800,48,"16.67",606930,"1",1323,"1",""
19,test,HugginsPitch_set5_2,.mp3,"800",HPCheck,Calibration,In which of theses sounds is the faint beep?,"1","2","3","","","","2","","1","","","","",incorrect,failedCheck,"","","","",800,48,"16.67",614551,"2",1053,"1",""
20,test,HugginsPitch_set6_3,.mp3,"800",HPCheck,Calibration,In which of theses sounds is the faint beep?,"1","2","3","","","","3","","1","","","","",incorrect,failedCheck,"","","","",800,48,"16.67",622278,"3",1069,"1",""
21,test,HugginsPitch_set1_3,.mp3,"800",HPCheck,Calibration,In which of theses sounds is the faint beep?,"1","2","3","","","","3","","1","","","","",incorrect,failedCheck,"","","","",800,48,"16.67",629784,"3",970,"1",""
50,test,Violin_low_FIS2,.wav,"800","","",Please rate the sound pleasantness.,Very unpleasant,Unpleasant,Mildly unpleasant,Mildly pleasant,Pleasant,Very Pleasant,"","1","1","1","","","","","","","","","",800,48,"16.67",716705,"5",13600,"",""
87,test,Violin_hig_FIS1,.wav,"800","","",Please rate the sound pleasantness.,Very unpleasant,Unpleasant,Mildly unpleasant,Mildly pleasant,Pleasant,Very Pleasant,"","1","1","1","","","","","","","","","",802,48,"16.71",722173,"3",3531,"",""
38,test,Violin_low_AIS2,.wav,"800","","",Please rate the sound pleasantness.,Very unpleasant,Unpleasant,Mildly unpleasant,Mildly pleasant,Pleasant,Very Pleasant,"","1","1","1","","","","","","","","","",800,48,"16.67",730616,"3",6441,"",""
56,test,Violin_mid_AIS1,.wav,"800","","",Please rate the sound pleasantness.,Very unpleasant,Unpleasant,Mildly unpleasant,Mildly pleasant,Pleasant,Very Pleasant,"","1","1","1","","","","","","","","","",800,48,"16.67",737592,"3",4984,"",""
81,test,Violin_hig_D2,.wav,"800","","",Please rate the sound pleasantness.,Very unpleasant,Unpleasant,Mildly unpleasant,Mildly pleasant,Pleasant,Very Pleasant,"","1","1","1","","","","","","","","","",800,48,"16.67",750578,"3",10953,"",""
82,test,Violin_hig_D3,.wav,"800","","",Please rate the sound pleasantness.,Very unpleasant,Unpleasant,Mildly unpleasant,Mildly pleasant,Pleasant,Very Pleasant,"","1","1","1","","","","","","","","","",801,48,"16.69",754561,"2",2012,"",""
80,test,Violin_hig_AIS6,.wav,"800","","",Please rate the sound pleasantness.,Very unpleasant,Unpleasant,Mildly unpleasant,Mildly pleasant,Pleasant,Very Pleasant,"","1","1","1","","","","","","","","","",801,48,"16.69",758170,"1",1635,"",""
76,test,Violin_hig_AIS2,.wav,"800","","",Please rate the sound pleasantness.,Very unpleasant,Unpleasant,Mildly unpleasant,Mildly pleasant,Pleasant,Very Pleasant,"","1","1","1","","","","","","","","","",800,48,"16.67",761448,"2",1269,"",""
91,test,Violin_hig_FIS5,.wav,"800","","",Please rate the sound pleasantness.,Very unpleasant,Unpleasant,Mildly unpleasant,Mildly pleasant,Pleasant,Very Pleasant,"","1","1","1","","","","","","","","","",801,48,"16.69",765475,"2",2102,"",""
72,test,Violin_mid_FIS5,.wav,"800","","",Please rate the sound pleasantness.,Very unpleasant,Unpleasant,Mildly unpleasant,Mildly pleasant,Pleasant,Very Pleasant,"","1","1","1","","","","","","","","","",800,48,"16.67",772009,"2",4509,"",""
65,test,Violin_mid_D5,.wav,"800","","",Please rate the sound pleasantness.,Very unpleasant,Unpleasant,Mildly unpleasant,Mildly pleasant,Pleasant,Very Pleasant,"","1","1","1","","","","","","","","","",800,48,"16.67",778554,"3",4554,"",""
75,test,Violin_hig_AIS1,.wav,"800","","",Please rate the sound pleasantness.,Very unpleasant,Unpleasant,Mildly unpleasant,Mildly pleasant,Pleasant,Very Pleasant,"","1","1","1","","","","","","","","","",800,48,"16.67",784800,"4",4271,"",""
92,test,Violin_hig_FIS6,.wav,"800","","",Please rate the sound pleasantness.,Very unpleasant,Unpleasant,Mildly unpleasant,Mildly pleasant,Pleasant,Very Pleasant,"","1","1","1","","","","","","","","","",801,48,"16.69",793635,"2",6902,"",""
78,test,Violin_hig_AIS4,.wav,"800","","",Please rate the sound pleasantness.,Very unpleasant,Unpleasant,Mildly unpleasant,Mildly pleasant,Pleasant,Very Pleasant,"","1","1","1","","","","","","","","","",800,48,"16.67",797268,"3",1704,"",""
60,test,Violin_mid_AIS5,.wav,"800","","",Please rate the sound pleasantness.,Very unpleasant,Unpleasant,Mildly unpleasant,Mildly pleasant,Pleasant,Very Pleasant,"","1","1","1","","","","","","","","","",800,48,"16.67",801897,"4",2647,"",""
52,test,Violin_low_FIS4,.wav,"800","","",Please rate the sound pleasantness.,Very unpleasant,Unpleasant,Mildly unpleasant,Mildly pleasant,Pleasant,Very Pleasant,"","1","1","1","","","","","","","","","",800,48,"16.67",812891,"3",8969,"",""
54,test,Violin_low_FIS6,.wav,"800","","",Please rate the sound pleasantness.,Very unpleasant,Unpleasant,Mildly unpleasant,Mildly pleasant,Pleasant,Very Pleasant,"","1","1","1","","","","","","","","","",801,48,"16.69",820348,"3",5449,"",""
70,test,Violin_mid_FIS3,.wav,"800","","",Please rate the sound pleasantness.,Very unpleasant,Unpleasant,Mildly unpleasant,Mildly pleasant,Pleasant,Very Pleasant,"","1","1","1","","","","","","","","","",800,48,"16.67",829140,"4",6818,"",""
85,test,Violin_hig_D6,.wav,"800","","",Please rate the sound pleasantness.,Very unpleasant,Unpleasant,Mildly unpleasant,Mildly pleasant,Pleasant,Very Pleasant,"","1","1","1","","","","","","","","","",801,48,"16.69",836410,"1",5291,"",""
29,test,Violin_all_D4,.wav,"800","","",Please rate the sound pleasantness.,Very unpleasant,Unpleasant,Mildly unpleasant,Mildly pleasant,Pleasant,Very Pleasant,"","1","1","1","","","","","","","","","",798,48,"16.63",842939,"4",4563,"",""
61,test,Violin_mid_AIS6,.wav,"800","","",Please rate the sound pleasantness.,Very unpleasant,Unpleasant,Mildly unpleasant,Mildly pleasant,Pleasant,Very Pleasant,"","1","1","1","","","","","","","","","",800,48,"16.67",846610,"2",1704,"",""
39,test,Violin_low_AIS3,.wav,"800","","",Please rate the sound pleasantness.,Very unpleasant,Unpleasant,Mildly unpleasant,Mildly pleasant,Pleasant,Very Pleasant,"","1","1","1","","","","","","","","","",799,48,"16.65",851681,"3",3099,"",""
57,test,Violin_mid_AIS2,.wav,"800","","",Please rate the sound pleasantness.,Very unpleasant,Unpleasant,Mildly unpleasant,Mildly pleasant,Pleasant,Very Pleasant,"","1","1","1","","","","","","","","","",801,48,"16.69",856452,"2",2804,"",""
58,test,Violin_mid_AIS3,.wav,"800","","",Please rate the sound pleasantness.,Very unpleasant,Unpleasant,Mildly unpleasant,Mildly pleasant,Pleasant,Very Pleasant,"","1","1","1","","","","","","","","","",800,48,"16.67",860671,"2",2226,"",""
63,test,Violin_mid_D3,.wav,"800","","",Please rate the sound pleasantness.,Very unpleasant,Unpleasant,Mildly unpleasant,Mildly pleasant,Pleasant,Very Pleasant,"","1","1","1","","","","","","","","","",800,48,"16.67",893120,"3",30511,"",""
79,test,Violin_hig_AIS5,.wav,"800","","",Please rate the sound pleasantness.,Very unpleasant,Unpleasant,Mildly unpleasant,Mildly pleasant,Pleasant,Very Pleasant,"","1","1","1","","","","","","","","","",801,48,"16.69",896244,"1",1150,"",""
35,test,Violin_all_FIS6,.wav,"800","","",Please rate the sound pleasantness.,Very unpleasant,Unpleasant,Mildly unpleasant,Mildly pleasant,Pleasant,Very Pleasant,"","1","1","1","","","","","","","","","",800,48,"16.67",899101,"2",885,"",""
67,test,Violin_mid_D7,.wav,"800","","",Please rate the sound pleasantness.,Very unpleasant,Unpleasant,Mildly unpleasant,Mildly pleasant,Pleasant,Very Pleasant,"","1","1","1","","","","","","","","","",801,48,"16.69",902991,"3",1930,"",""
53,test,Violin_low_FIS5,.wav,"800","","",Please rate the sound pleasantness.,Very unpleasant,Unpleasant,Mildly unpleasant,Mildly pleasant,Pleasant,Very Pleasant,"","1","1","1","","","","","","","","","",801,48,"16.69",906210,"3",1248,"",""
42,test,Violin_low_AIS6,.wav,"800","","",Please rate the sound pleasantness.,Very unpleasant,Unpleasant,Mildly unpleasant,Mildly pleasant,Pleasant,Very Pleasant,"","1","1","1","","","","","","","","","",800,48,"16.67",909553,"2",1357,"",""
37,test,Violin_low_AIS1,.wav,"800","","",Please rate the sound pleasantness.,Very unpleasant,Unpleasant,Mildly unpleasant,Mildly pleasant,Pleasant,Very Pleasant,"","1","1","1","","","","","","","","","",802,48,"16.71",913480,"3",1949,"",""
93,test,Violin_hig_FIS7,.wav,"800","","",Please rate the sound pleasantness.,Very unpleasant,Unpleasant,Mildly unpleasant,Mildly pleasant,Pleasant,Very Pleasant,"","1","1","1","","","","","","","","","",800,48,"16.67",919907,"3",4467,"",""
64,test,Violin_mid_D4,.wav,"800","","",Please rate the sound pleasantness.,Very unpleasant,Unpleasant,Mildly unpleasant,Mildly pleasant,Pleasant,Very Pleasant,"","1","1","1","","","","","","","","","",800,48,"16.67",923769,"3",1861,"",""
51,test,Violin_low_FIS3,.wav,"800","","",Please rate the sound pleasantness.,Very unpleasant,Unpleasant,Mildly unpleasant,Mildly pleasant,Pleasant,Very Pleasant,"","1","1","1","","","","","","","","","",801,48,"16.69",928647,"3",2893,"",""
89,test,Violin_hig_FIS3,.wav,"800","","",Please rate the sound pleasantness.,Very unpleasant,Unpleasant,Mildly unpleasant,Mildly pleasant,Pleasant,Very Pleasant,"","1","1","1","","","","","","","","","",800,48,"16.67",931457,"2",823,"",""
27,test,Violin_all_AIS5,.wav,"800","","",Please rate the sound pleasantness.,Very unpleasant,Unpleasant,Mildly unpleasant,Mildly pleasant,Pleasant,Very Pleasant,"","1","1","1","","","","","","","","","",801,48,"16.69",934484,"3",1021,"",""
55,test,Violin_low_FIS7,.wav,"800","","",Please rate the sound pleasantness.,Very unpleasant,Unpleasant,Mildly unpleasant,Mildly pleasant,Pleasant,Very Pleasant,"","1","1","1","","","","","","","","","",800,48,"16.67",937809,"3",1349,"",""
34,test,Violin_all_FIS5,.wav,"800","","",Please rate the sound pleasantness.,Very unpleasant,Unpleasant,Mildly unpleasant,Mildly pleasant,Pleasant,Very Pleasant,"","1","1","1","","","","","","","","","",800,48,"16.67",940787,"3",1000,"",""
69,test,Violin_mid_FIS2,.wav,"800","","",Please rate the sound pleasantness.,Very unpleasant,Unpleasant,Mildly unpleasant,Mildly pleasant,Pleasant,Very Pleasant,"","1","1","1","","","","","","","","","",800,48,"16.67",944025,"3",1254,"",""
68,test,Violin_mid_FIS1,.wav,"800","","",Please rate the sound pleasantness.,Very unpleasant,Unpleasant,Mildly unpleasant,Mildly pleasant,Pleasant,Very Pleasant,"","1","1","1","","","","","","","","","",801,48,"16.69",947089,"4",1093,"",""
84,test,Violin_hig_D5,.wav,"800","","",Please rate the sound pleasantness.,Very unpleasant,Unpleasant,Mildly unpleasant,Mildly pleasant,Pleasant,Very Pleasant,"","1","1","1","","","","","","","","","",800,48,"16.67",949885,"2",839,"",""
74,test,Violin_mid_FIS7,.wav,"800","","",Please rate the sound pleasantness.,Very unpleasant,Unpleasant,Mildly unpleasant,Mildly pleasant,Pleasant,Very Pleasant,"","1","1","1","","","","","","","","","",799,48,"16.65",952812,"3",952,"",""
33,test,Violin_all_FIS4,.wav,"800","","",Please rate the sound pleasantness.,Very unpleasant,Unpleasant,Mildly unpleasant,Mildly pleasant,Pleasant,Very Pleasant,"","1","1","1","","","","","","","","","",801,48,"16.69",957369,"3",2597,"",""
73,test,Violin_mid_FIS6,.wav,"800","","",Please rate the sound pleasantness.,Very unpleasant,Unpleasant,Mildly unpleasant,Mildly pleasant,Pleasant,Very Pleasant,"","1","1","1","","","","","","","","","",801,48,"16.69",960253,"2",913,"",""
59,test,Violin_mid_AIS4,.wav,"800","","",Please rate the sound pleasantness.,Very unpleasant,Unpleasant,Mildly unpleasant,Mildly pleasant,Pleasant,Very Pleasant,"","1","1","1","","","","","","","","","",801,48,"16.69",963744,"4",1458,"",""
45,test,Violin_low_D4,.wav,"800","","",Please rate the sound pleasantness.,Very unpleasant,Unpleasant,Mildly unpleasant,Mildly pleasant,Pleasant,Very Pleasant,"","1","1","1","","","","","","","","","",800,48,"16.67",967256,"5",1521,"",""
66,test,Violin_mid_D6,.wav,"800","","",Please rate the sound pleasantness.,Very unpleasant,Unpleasant,Mildly unpleasant,Mildly pleasant,Pleasant,Very Pleasant,"","1","1","1","","","","","","","","","",800,48,"16.67",971115,"4",1861,"",""
62,test,Violin_mid_D2,.wav,"800","","",Please rate the sound pleasantness.,Very unpleasant,Unpleasant,Mildly unpleasant,Mildly pleasant,Pleasant,Very Pleasant,"","1","1","1","","","","","","","","","",799,48,"16.65",977548,"3",4466,"",""
48,test,Violin_low_D7,.wav,"800","","",Please rate the sound pleasantness.,Very unpleasant,Unpleasant,Mildly unpleasant,Mildly pleasant,Pleasant,Very Pleasant,"","1","1","1","","","","","","","","","",800,48,"16.67",982573,"2",3064,"",""
43,test,Violin_low_D2,.wav,"800","","",Please rate the sound pleasantness.,Very unpleasant,Unpleasant,Mildly unpleasant,Mildly pleasant,Pleasant,Very Pleasant,"","1","1","1","","","","","","","","","",798,48,"16.63",987325,"4",2762,"",""
31,test,Violin_all_D6,.wav,"800","","",Please rate the sound pleasantness.,Very unpleasant,Unpleasant,Mildly unpleasant,Mildly pleasant,Pleasant,Very Pleasant,"","1","1","1","","","","","","","","","",799,48,"16.65",990307,"3",1019,"",""
90,test,Violin_hig_FIS4,.wav,"800","","",Please rate the sound pleasantness.,Very unpleasant,Unpleasant,Mildly unpleasant,Mildly pleasant,Pleasant,Very Pleasant,"","1","1","1","","","","","","","","","",800,48,"16.67",993051,"2",797,"",""
46,test,Violin_low_D5,.wav,"800","","",Please rate the sound pleasantness.,Very unpleasant,Unpleasant,Mildly unpleasant,Mildly pleasant,Pleasant,Very Pleasant,"","1","1","1","","","","","","","","","",801,48,"16.69",996063,"3",1049,"",""
88,test,Violin_hig_FIS2,.wav,"800","","",Please rate the sound pleasantness.,Very unpleasant,Unpleasant,Mildly unpleasant,Mildly pleasant,Pleasant,Very Pleasant,"","1","1","1","","","","","","","","","",800,48,"16.67",999560,"3",1513,"",""
86,test,Violin_hig_D7,.wav,"800","","",Please rate the sound pleasantness.,Very unpleasant,Unpleasant,Mildly unpleasant,Mildly pleasant,Pleasant,Very Pleasant,"","1","1","1","","","","","","","","","",799,48,"16.65",1002349,"1",846,"",""
41,test,Violin_low_AIS5,.wav,"800","","",Please rate the sound pleasantness.,Very unpleasant,Unpleasant,Mildly unpleasant,Mildly pleasant,Pleasant,Very Pleasant,"","1","1","1","","","","","","","","","",801,48,"16.69",1004952,"2",649,"",""
49,test,Violin_low_FIS1,.wav,"800","","",Please rate the sound pleasantness.,Very unpleasant,Unpleasant,Mildly unpleasant,Mildly pleasant,Pleasant,Very Pleasant,"","1","1","1","","","","","","","","","",801,48,"16.69",1009103,"3",2177,"",""
44,test,Violin_low_D3,.wav,"800","","",Please rate the sound pleasantness.,Very unpleasant,Unpleasant,Mildly unpleasant,Mildly pleasant,Pleasant,Very Pleasant,"","1","1","1","","","","","","","","","",801,48,"16.69",1012070,"4",1012,"",""
25,test,Violin_all_AIS3,.wav,"800","","",Please rate the sound pleasantness.,Very unpleasant,Unpleasant,Mildly unpleasant,Mildly pleasant,Pleasant,Very Pleasant,"","1","1","1","","","","","","","","","",800,48,"16.67",1014830,"4",806,"",""
32,test,Violin_all_D7,.wav,"800","","",Please rate the sound pleasantness.,Very unpleasant,Unpleasant,Mildly unpleasant,Mildly pleasant,Pleasant,Very Pleasant,"","1","1","1","","","","","","","","","",800,48,"16.67",1018164,"1",1376,"",""
77,test,Violin_hig_AIS3,.wav,"800","","",Please rate the sound pleasantness.,Very unpleasant,Unpleasant,Mildly unpleasant,Mildly pleasant,Pleasant,Very Pleasant,"","1","1","1","","","","","","","","","",800,48,"16.67",1022296,"1",2161,"",""
28,test,Violin_all_AIS6,.wav,"800","","",Please rate the sound pleasantness.,Very unpleasant,Unpleasant,Mildly unpleasant,Mildly pleasant,Pleasant,Very Pleasant,"","1","1","1","","","","","","","","","",800,48,"16.67",1024904,"2",622,"",""
26,test,Violin_all_AIS4,.wav,"800","","",Please rate the sound pleasantness.,Very unpleasant,Unpleasant,Mildly unpleasant,Mildly pleasant,Pleasant,Very Pleasant,"","1","1","1","","","","","","","","","",801,48,"16.69",1029790,"3",2914,"",""
40,test,Violin_low_AIS4,.wav,"800","","",Please rate the sound pleasantness.,Very unpleasant,Unpleasant,Mildly unpleasant,Mildly pleasant,Pleasant,Very Pleasant,"","1","1","1","","","","","","","","","",801,48,"16.69",1033626,"3",1900,"",""
36,test,Violin_all_FIS7,.wav,"800","","",Please rate the sound pleasantness.,Very unpleasant,Unpleasant,Mildly unpleasant,Mildly pleasant,Pleasant,Very Pleasant,"","1","1","1","","","","","","","","","",800,48,"16.67",1037276,"3",1709,"",""
71,test,Violin_mid_FIS4,.wav,"800","","",Please rate the sound pleasantness.,Very unpleasant,Unpleasant,Mildly unpleasant,Mildly pleasant,Pleasant,Very Pleasant,"","1","1","1","","","","","","","","","",800,48,"16.67",1041058,"2",1796,"",""
47,test,Violin_low_D6,.wav,"800","","",Please rate the sound pleasantness.,Very unpleasant,Unpleasant,Mildly unpleasant,Mildly pleasant,Pleasant,Very Pleasant,"","1","1","1","","","","","","","","","",800,48,"16.67",1043785,"2",749,"",""
83,test,Violin_hig_D4,.wav,"800","","",Please rate the sound pleasantness.,Very unpleasant,Unpleasant,Mildly unpleasant,Mildly pleasant,Pleasant,Very Pleasant,"","1","1","1","","","","","","","","","",800,48,"16.67",1046559,"1",802,"",""
30,test,Violin_all_D5,.wav,"800","","",Please rate the sound pleasantness.,Very unpleasant,Unpleasant,Mildly unpleasant,Mildly pleasant,Pleasant,Very Pleasant,"","1","1","1","","","","","","","","","",800,48,"16.67",1049226,"2",697,"",""
165,test,ClarinetBb_all_D5,.wav,"800","","",Please rate the sound pleasantness.,Very unpleasant,Unpleasant,Mildly unpleasant,Mildly pleasant,Pleasant,Very Pleasant,"","1","1","3","","","","","","","","","",800,48,"16.67",1086408,"4",1835,"",""
199,test,ClarinetBb_mid_D5,.wav,"800","","",Please rate the sound pleasantness.,Very unpleasant,Unpleasant,Mildly unpleasant,Mildly pleasant,Pleasant,Very Pleasant,"","1","1","3","","","","","","","","","",800,48,"16.67",1090559,"4",2185,"",""
190,test,ClarinetBb_mid_AIS1,.wav,"800","","",Please rate the sound pleasantness.,Very unpleasant,Unpleasant,Mildly unpleasant,Mildly pleasant,Pleasant,Very Pleasant,"","1","1","3","","","","","","","","","",800,48,"16.67",1093874,"3",1332,"",""
163,test,ClarinetBb_all_D3,.wav,"800","","",Please rate the sound pleasantness.,Very unpleasant,Unpleasant,Mildly unpleasant,Mildly pleasant,Pleasant,Very Pleasant,"","1","1","3","","","","","","","","","",800,48,"16.67",1098718,"4",2871,"",""
187,test,ClarinetBb_low_FIS5,.wav,"800","","",Please rate the sound pleasantness.,Very unpleasant,Unpleasant,Mildly unpleasant,Mildly pleasant,Pleasant,Very Pleasant,"","1","1","3","","","","","","","","","",800,48,"16.67",1101603,"4",913,"",""
191,test,ClarinetBb_mid_AIS2,.wav,"800","","",Please rate the sound pleasantness.,Very unpleasant,Unpleasant,Mildly unpleasant,Mildly pleasant,Pleasant,Very Pleasant,"","1","1","3","","","","","","","","","",800,48,"16.67",1104953,"3",1382,"",""
179,test,ClarinetBb_low_D4,.wav,"800","","",Please rate the sound pleasantness.,Very unpleasant,Unpleasant,Mildly unpleasant,Mildly pleasant,Pleasant,Very Pleasant,"","1","1","3","","","","","","","","","",800,48,"16.67",1108386,"3",1488,"",""
225,test,ClarinetBb_hig_FIS5,.wav,"800","","",Please rate the sound pleasantness.,Very unpleasant,Unpleasant,Mildly unpleasant,Mildly pleasant,Pleasant,Very Pleasant,"","1","1","3","","","","","","","","","",800,48,"16.67",1111628,"2",1269,"",""
224,test,ClarinetBb_hig_FIS4,.wav,"800","","",Please rate the sound pleasantness.,Very unpleasant,Unpleasant,Mildly unpleasant,Mildly pleasant,Pleasant,Very Pleasant,"","1","1","3","","","","","","","","","",799,48,"16.65",1115028,"2",1383,"",""
161,test,ClarinetBb_all_AIS4,.wav,"800","","",Please rate the sound pleasantness.,Very unpleasant,Unpleasant,Mildly unpleasant,Mildly pleasant,Pleasant,Very Pleasant,"","1","1","3","","","","","","","","","",801,48,"16.69",1119164,"3",2136,"",""
189,test,ClarinetBb_low_FIS7,.wav,"800","","",Please rate the sound pleasantness.,Very unpleasant,Unpleasant,Mildly unpleasant,Mildly pleasant,Pleasant,Very Pleasant,"","1","1","3","","","","","","","","","",801,48,"16.69",1121935,"1",809,"",""
227,test,ClarinetBb_hig_FIS7,.wav,"800","","",Please rate the sound pleasantness.,Very unpleasant,Unpleasant,Mildly unpleasant,Mildly pleasant,Pleasant,Very Pleasant,"","1","1","3","","","","","","","","","",800,48,"16.67",1124535,"1",651,"",""
162,test,ClarinetBb_all_AIS5,.wav,"800","","",Please rate the sound pleasantness.,Very unpleasant,Unpleasant,Mildly unpleasant,Mildly pleasant,Pleasant,Very Pleasant,"","1","1","3","","","","","","","","","",801,48,"16.69",1127805,"3",1315,"",""
215,test,ClarinetBb_hig_D2,.wav,"800","","",Please rate the sound pleasantness.,Very unpleasant,Unpleasant,Mildly unpleasant,Mildly pleasant,Pleasant,Very Pleasant,"","1","1","3","","","","","","","","","",801,48,"16.69",1130677,"1",898,"",""
203,test,ClarinetBb_mid_FIS2,.wav,"800","","",Please rate the sound pleasantness.,Very unpleasant,Unpleasant,Mildly unpleasant,Mildly pleasant,Pleasant,Very Pleasant,"","1","1","3","","","","","","","","","",800,48,"16.67",1133574,"4",922,"",""
211,test,ClarinetBb_hig_AIS3,.wav,"800","","",Please rate the sound pleasantness.,Very unpleasant,Unpleasant,Mildly unpleasant,Mildly pleasant,Pleasant,Very Pleasant,"","1","1","3","","","","","","","","","",800,48,"16.67",1136615,"3",1054,"",""
210,test,ClarinetBb_hig_AIS2,.wav,"800","","",Please rate the sound pleasantness.,Very unpleasant,Unpleasant,Mildly unpleasant,Mildly pleasant,Pleasant,Very Pleasant,"","1","1","3","","","","","","","","","",800,48,"16.67",1139363,"3",786,"",""
223,test,ClarinetBb_hig_FIS3,.wav,"800","","",Please rate the sound pleasantness.,Very unpleasant,Unpleasant,Mildly unpleasant,Mildly pleasant,Pleasant,Very Pleasant,"","1","1","3","","","","","","","","","",801,48,"16.69",1142133,"4",775,"",""
169,test,ClarinetBb_all_FIS5,.wav,"800","","",Please rate the sound pleasantness.,Very unpleasant,Unpleasant,Mildly unpleasant,Mildly pleasant,Pleasant,Very Pleasant,"","1","1","3","","","","","","","","","",800,48,"16.67",1145579,"3",1446,"",""
220,test,ClarinetBb_hig_D7,.wav,"800","","",Please rate the sound pleasantness.,Very unpleasant,Unpleasant,Mildly unpleasant,Mildly pleasant,Pleasant,Very Pleasant,"","1","1","3","","","","","","","","","",802,48,"16.71",1148409,"3",834,"",""
222,test,ClarinetBb_hig_FIS2,.wav,"800","","",Please rate the sound pleasantness.,Very unpleasant,Unpleasant,Mildly unpleasant,Mildly pleasant,Pleasant,Very Pleasant,"","1","1","3","","","","","","","","","",801,48,"16.69",1151765,"3",1330,"",""
192,test,ClarinetBb_mid_AIS3,.wav,"800","","",Please rate the sound pleasantness.,Very unpleasant,Unpleasant,Mildly unpleasant,Mildly pleasant,Pleasant,Very Pleasant,"","1","1","3","","","","","","","","","",801,48,"16.69",1154690,"4",945,"",""
188,test,ClarinetBb_low_FIS6,.wav,"800","","",Please rate the sound pleasantness.,Very unpleasant,Unpleasant,Mildly unpleasant,Mildly pleasant,Pleasant,Very Pleasant,"","1","1","3","","","","","","","","","",799,48,"16.65",1157570,"2",913,"",""
193,test,ClarinetBb_mid_AIS4,.wav,"800","","",Please rate the sound pleasantness.,Very unpleasant,Unpleasant,Mildly unpleasant,Mildly pleasant,Pleasant,Very Pleasant,"","1","1","3","","","","","","","","","",800,48,"16.67",1161654,"4",2115,"",""
160,test,ClarinetBb_all_AIS3,.wav,"800","","",Please rate the sound pleasantness.,Very unpleasant,Unpleasant,Mildly unpleasant,Mildly pleasant,Pleasant,Very Pleasant,"","1","1","3","","","","","","","","","",799,48,"16.65",1164594,"5",946,"",""
164,test,ClarinetBb_all_D4,.wav,"800","","",Please rate the sound pleasantness.,Very unpleasant,Unpleasant,Mildly unpleasant,Mildly pleasant,Pleasant,Very Pleasant,"","1","1","3","","","","","","","","","",801,48,"16.69",1167328,"5",749,"",""
171,test,ClarinetBb_low_AIS1,.wav,"800","","",Please rate the sound pleasantness.,Very unpleasant,Unpleasant,Mildly unpleasant,Mildly pleasant,Pleasant,Very Pleasant,"","1","1","3","","","","","","","","","",800,48,"16.67",1172262,"4",2939,"",""
196,test,ClarinetBb_mid_D2,.wav,"800","","",Please rate the sound pleasantness.,Very unpleasant,Unpleasant,Mildly unpleasant,Mildly pleasant,Pleasant,Very Pleasant,"","1","1","3","","","","","","","","","",801,48,"16.69",1175497,"3",1191,"",""
178,test,ClarinetBb_low_D3,.wav,"800","","",Please rate the sound pleasantness.,Very unpleasant,Unpleasant,Mildly unpleasant,Mildly pleasant,Pleasant,Very Pleasant,"","1","1","3","","","","","","","","","",801,48,"16.69",1178446,"5",964,"",""
181,test,ClarinetBb_low_D6,.wav,"800","","",Please rate the sound pleasantness.,Very unpleasant,Unpleasant,Mildly unpleasant,Mildly pleasant,Pleasant,Very Pleasant,"","1","1","3","","","","","","","","","",801,48,"16.69",1181493,"2",1046,"",""
182,test,ClarinetBb_low_D7,.wav,"800","","",Please rate the sound pleasantness.,Very unpleasant,Unpleasant,Mildly unpleasant,Mildly pleasant,Pleasant,Very Pleasant,"","1","1","3","","","","","","","","","",800,48,"16.67",1184189,"1",736,"",""
219,test,ClarinetBb_hig_D6,.wav,"800","","",Please rate the sound pleasantness.,Very unpleasant,Unpleasant,Mildly unpleasant,Mildly pleasant,Pleasant,Very Pleasant,"","1","1","3","","","","","","","","","",801,48,"16.69",1187099,"2",932,"",""
202,test,ClarinetBb_mid_FIS1,.wav,"800","","",Please rate the sound pleasantness.,Very unpleasant,Unpleasant,Mildly unpleasant,Mildly pleasant,Pleasant,Very Pleasant,"","1","1","3","","","","","","","","","",800,48,"16.67",1190750,"2",1671,"",""
218,test,ClarinetBb_hig_D5,.wav,"800","","",Please rate the sound pleasantness.,Very unpleasant,Unpleasant,Mildly unpleasant,Mildly pleasant,Pleasant,Very Pleasant,"","1","1","3","","","","","","","","","",801,48,"16.69",1193582,"3",842,"",""
214,test,ClarinetBb_hig_AIS6,.wav,"800","","",Please rate the sound pleasantness.,Very unpleasant,Unpleasant,Mildly unpleasant,Mildly pleasant,Pleasant,Very Pleasant,"","1","1","3","","","","","","","","","",800,48,"16.67",1196542,"3",963,"",""
167,test,ClarinetBb_all_FIS3,.wav,"800","","",Please rate the sound pleasantness.,Very unpleasant,Unpleasant,Mildly unpleasant,Mildly pleasant,Pleasant,Very Pleasant,"","1","1","3","","","","","","","","","",801,48,"16.69",1199417,"4",876,"",""
186,test,ClarinetBb_low_FIS4,.wav,"800","","",Please rate the sound pleasantness.,Very unpleasant,Unpleasant,Mildly unpleasant,Mildly pleasant,Pleasant,Very Pleasant,"","1","1","3","","","","","","","","","",801,48,"16.69",1204885,"3",3471,"",""
166,test,ClarinetBb_all_D6,.wav,"800","","",Please rate the sound pleasantness.,Very unpleasant,Unpleasant,Mildly unpleasant,Mildly pleasant,Pleasant,Very Pleasant,"","1","1","3","","","","","","","","","",799,48,"16.65",1207793,"2",901,"",""
194,test,ClarinetBb_mid_AIS5,.wav,"800","","",Please rate the sound pleasantness.,Very unpleasant,Unpleasant,Mildly unpleasant,Mildly pleasant,Pleasant,Very Pleasant,"","1","1","3","","","","","","","","","",801,48,"16.69",1211389,"3",1612,"",""
185,test,ClarinetBb_low_FIS3,.wav,"800","","",Please rate the sound pleasantness.,Very unpleasant,Unpleasant,Mildly unpleasant,Mildly pleasant,Pleasant,Very Pleasant,"","1","1","3","","","","","","","","","",800,48,"16.67",1215594,"4",2221,"",""
195,test,ClarinetBb_mid_AIS6,.wav,"800","","",Please rate the sound pleasantness.,Very unpleasant,Unpleasant,Mildly unpleasant,Mildly pleasant,Pleasant,Very Pleasant,"","1","1","3","","","","","","","","","",799,48,"16.65",1218403,"3",867,"",""
173,test,ClarinetBb_low_AIS3,.wav,"800","","",Please rate the sound pleasantness.,Very unpleasant,Unpleasant,Mildly unpleasant,Mildly pleasant,Pleasant,Very Pleasant,"","1","1","3","","","","","","","","","",801,48,"16.69",1222728,"4",2350,"",""
183,test,ClarinetBb_low_FIS1,.wav,"800","","",Please rate the sound pleasantness.,Very unpleasant,Unpleasant,Mildly unpleasant,Mildly pleasant,Pleasant,Very Pleasant,"","1","1","3","","","","","","","","","",801,48,"16.69",1225732,"3",1025,"",""
168,test,ClarinetBb_all_FIS4,.wav,"800","","",Please rate the sound pleasantness.,Very unpleasant,Unpleasant,Mildly unpleasant,Mildly pleasant,Pleasant,Very Pleasant,"","1","1","3","","","","","","","","","",799,48,"16.65",1234127,"3",6344,"",""
198,test,ClarinetBb_mid_D4,.wav,"800","","",Please rate the sound pleasantness.,Very unpleasant,Unpleasant,Mildly unpleasant,Mildly pleasant,Pleasant,Very Pleasant,"","1","1","3","","","","","","","","","",799,48,"16.65",1237042,"4",890,"",""
176,test,ClarinetBb_low_AIS6,.wav,"800","","",Please rate the sound pleasantness.,Very unpleasant,Unpleasant,Mildly unpleasant,Mildly pleasant,Pleasant,Very Pleasant,"","1","1","3","","","","","","","","","",800,48,"16.67",1239845,"1",806,"",""
200,test,ClarinetBb_mid_D6,.wav,"800","","",Please rate the sound pleasantness.,Very unpleasant,Unpleasant,Mildly unpleasant,Mildly pleasant,Pleasant,Very Pleasant,"","1","1","3","","","","","","","","","",801,48,"16.69",1243408,"3",1565,"",""
172,test,ClarinetBb_low_AIS2,.wav,"800","","",Please rate the sound pleasantness.,Very unpleasant,Unpleasant,Mildly unpleasant,Mildly pleasant,Pleasant,Very Pleasant,"","1","1","3","","","","","","","","","",800,48,"16.67",1246155,"3",720,"",""
212,test,ClarinetBb_hig_AIS4,.wav,"800","","",Please rate the sound pleasantness.,Very unpleasant,Unpleasant,Mildly unpleasant,Mildly pleasant,Pleasant,Very Pleasant,"","1","1","3","","","","","","","","","",800,48,"16.67",1250327,"3",2181,"",""
213,test,ClarinetBb_hig_AIS5,.wav,"800","","",Please rate the sound pleasantness.,Very unpleasant,Unpleasant,Mildly unpleasant,Mildly pleasant,Pleasant,Very Pleasant,"","1","1","3","","","","","","","","","",800,48,"16.67",1252891,"3",585,"",""
174,test,ClarinetBb_low_AIS4,.wav,"800","","",Please rate the sound pleasantness.,Very unpleasant,Unpleasant,Mildly unpleasant,Mildly pleasant,Pleasant,Very Pleasant,"","1","1","3","","","","","","","","","",801,48,"16.69",1257827,"3",2951,"",""
226,test,ClarinetBb_hig_FIS6,.wav,"800","","",Please rate the sound pleasantness.,Very unpleasant,Unpleasant,Mildly unpleasant,Mildly pleasant,Pleasant,Very Pleasant,"","1","1","3","","","","","","","","","",801,48,"16.69",1261386,"2",1578,"",""
216,test,ClarinetBb_hig_D3,.wav,"800","","",Please rate the sound pleasantness.,Very unpleasant,Unpleasant,Mildly unpleasant,Mildly pleasant,Pleasant,Very Pleasant,"","1","1","3","","","","","","","","","",800,48,"16.67",1264812,"2",1445,"",""
205,test,ClarinetBb_mid_FIS4,.wav,"800","","",Please rate the sound pleasantness.,Very unpleasant,Unpleasant,Mildly unpleasant,Mildly pleasant,Pleasant,Very Pleasant,"","1","1","3","","","","","","","","","",801,48,"16.69",1268556,"3",1768,"",""
217,test,ClarinetBb_hig_D4,.wav,"800","","",Please rate the sound pleasantness.,Very unpleasant,Unpleasant,Mildly unpleasant,Mildly pleasant,Pleasant,Very Pleasant,"","1","1","3","","","","","","","","","",800,48,"16.67",1271262,"3",732,"",""
177,test,ClarinetBb_low_D2,.wav,"800","","",Please rate the sound pleasantness.,Very unpleasant,Unpleasant,Mildly unpleasant,Mildly pleasant,Pleasant,Very Pleasant,"","1","1","3","","","","","","","","","",800,48,"16.67",1274590,"4",1305,"",""
170,test,ClarinetBb_all_FIS6,.wav,"800","","",Please rate the sound pleasantness.,Very unpleasant,Unpleasant,Mildly unpleasant,Mildly pleasant,Pleasant,Very Pleasant,"","1","1","3","","","","","","","","","",800,48,"16.67",1277490,"1",895,"",""
207,test,ClarinetBb_mid_FIS6,.wav,"800","","",Please rate the sound pleasantness.,Very unpleasant,Unpleasant,Mildly unpleasant,Mildly pleasant,Pleasant,Very Pleasant,"","1","1","3","","","","","","","","","",800,48,"16.67",1280074,"2",629,"",""
206,test,ClarinetBb_mid_FIS5,.wav,"800","","",Please rate the sound pleasantness.,Very unpleasant,Unpleasant,Mildly unpleasant,Mildly pleasant,Pleasant,Very Pleasant,"","1","1","3","","","","","","","","","",799,48,"16.65",1284005,"3",1951,"",""
204,test,ClarinetBb_mid_FIS3,.wav,"800","","",Please rate the sound pleasantness.,Very unpleasant,Unpleasant,Mildly unpleasant,Mildly pleasant,Pleasant,Very Pleasant,"","1","1","3","","","","","","","","","",800,48,"16.67",1288056,"3",2040,"",""
180,test,ClarinetBb_low_D5,.wav,"800","","",Please rate the sound pleasantness.,Very unpleasant,Unpleasant,Mildly unpleasant,Mildly pleasant,Pleasant,Very Pleasant,"","1","1","3","","","","","","","","","",802,48,"16.71",1292727,"3",2625,"",""
184,test,ClarinetBb_low_FIS2,.wav,"800","","",Please rate the sound pleasantness.,Very unpleasant,Unpleasant,Mildly unpleasant,Mildly pleasant,Pleasant,Very Pleasant,"","1","1","3","","","","","","","","","",799,48,"16.65",1295876,"4",1138,"",""
221,test,ClarinetBb_hig_FIS1,.wav,"800","","",Please rate the sound pleasantness.,Very unpleasant,Unpleasant,Mildly unpleasant,Mildly pleasant,Pleasant,Very Pleasant,"","1","1","3","","","","","","","","","",801,48,"16.69",1298909,"2",988,"",""
208,test,ClarinetBb_mid_FIS7,.wav,"800","","",Please rate the sound pleasantness.,Very unpleasant,Unpleasant,Mildly unpleasant,Mildly pleasant,Pleasant,Very Pleasant,"","1","1","3","","","","","","","","","",799,48,"16.65",1301666,"2",760,"",""
197,test,ClarinetBb_mid_D3,.wav,"800","","",Please rate the sound pleasantness.,Very unpleasant,Unpleasant,Mildly unpleasant,Mildly pleasant,Pleasant,Very Pleasant,"","1","1","3","","","","","","","","","",802,48,"16.71",1305651,"3",1974,"",""
209,test,ClarinetBb_hig_AIS1,.wav,"800","","",Please rate the sound pleasantness.,Very unpleasant,Unpleasant,Mildly unpleasant,Mildly pleasant,Pleasant,Very Pleasant,"","1","1","3","","","","","","","","","",800,48,"16.67",1308344,"2",699,"",""
175,test,ClarinetBb_low_AIS5,.wav,"800","","",Please rate the sound pleasantness.,Very unpleasant,Unpleasant,Mildly unpleasant,Mildly pleasant,Pleasant,Very Pleasant,"","1","1","3","","","","","","","","","",800,48,"16.67",1311753,"4",1419,"",""
201,test,ClarinetBb_mid_D7,.wav,"800","","",Please rate the sound pleasantness.,Very unpleasant,Unpleasant,Mildly unpleasant,Mildly pleasant,Pleasant,Very Pleasant,"","1","1","3","","","","","","","","","",800,48,"16.67",1315187,"3",1440,"",""
111,test,VocalAlto_low_D5,.wav,"800","","",Please rate the sound pleasantness.,Very unpleasant,Unpleasant,Mildly unpleasant,Mildly pleasant,Pleasant,Very Pleasant,"","1","1","2","","","","","","","","","",800,48,"16.67",1323296,"3",981,"",""
106,test,VocalAlto_low_AIS5,.wav,"800","","",Please rate the sound pleasantness.,Very unpleasant,Unpleasant,Mildly unpleasant,Mildly pleasant,Pleasant,Very Pleasant,"","1","1","2","","","","","","","","","",800,48,"16.67",1326041,"2",765,"",""
131,test,VocalAlto_mid_D6,.wav,"800","","",Please rate the sound pleasantness.,Very unpleasant,Unpleasant,Mildly unpleasant,Mildly pleasant,Pleasant,Very Pleasant,"","1","1","2","","","","","","","","","",800,48,"16.67",1328748,"2",710,"",""
147,test,VocalAlto_hig_D3,.wav,"800","","",Please rate the sound pleasantness.,Very unpleasant,Unpleasant,Mildly unpleasant,Mildly pleasant,Pleasant,Very Pleasant,"","1","1","2","","","","","","","","","",801,48,"16.69",1331463,"2",735,"",""
118,test,VocalAlto_low_FIS5,.wav,"800","","",Please rate the sound pleasantness.,Very unpleasant,Unpleasant,Mildly unpleasant,Mildly pleasant,Pleasant,Very Pleasant,"","1","1","2","","","","","","","","","",801,48,"16.69",1334108,"2",655,"",""
110,test,VocalAlto_low_D4,.wav,"800","","",Please rate the sound pleasantness.,Very unpleasant,Unpleasant,Mildly unpleasant,Mildly pleasant,Pleasant,Very Pleasant,"","1","1","2","","","","","","","","","",800,48,"16.67",1337426,"3",1325,"",""
103,test,VocalAlto_low_AIS2,.wav,"800","","",Please rate the sound pleasantness.,Very unpleasant,Unpleasant,Mildly unpleasant,Mildly pleasant,Pleasant,Very Pleasant,"","1","1","2","","","","","","","","","",799,48,"16.65",1340477,"3",1093,"",""
128,test,VocalAlto_mid_D3,.wav,"800","","",Please rate the sound pleasantness.,Very unpleasant,Unpleasant,Mildly unpleasant,Mildly pleasant,Pleasant,Very Pleasant,"","1","1","2","","","","","","","","","",800,48,"16.67",1344391,"4",1924,"",""
116,test,VocalAlto_low_FIS3,.wav,"800","","",Please rate the sound pleasantness.,Very unpleasant,Unpleasant,Mildly unpleasant,Mildly pleasant,Pleasant,Very Pleasant,"","1","1","2","","","","","","","","","",800,48,"16.67",1347274,"4",878,"",""
133,test,VocalAlto_mid_FIS1,.wav,"800","","",Please rate the sound pleasantness.,Very unpleasant,Unpleasant,Mildly unpleasant,Mildly pleasant,Pleasant,Very Pleasant,"","1","1","2","","","","","","","","","",801,48,"16.69",1349921,"3",604,"",""
130,test,VocalAlto_mid_D5,.wav,"800","","",Please rate the sound pleasantness.,Very unpleasant,Unpleasant,Mildly unpleasant,Mildly pleasant,Pleasant,Very Pleasant,"","1","1","2","","","","","","","","","",800,48,"16.67",1352521,"2",634,"",""
139,test,VocalAlto_mid_FIS7,.wav,"800","","",Please rate the sound pleasantness.,Very unpleasant,Unpleasant,Mildly unpleasant,Mildly pleasant,Pleasant,Very Pleasant,"","1","1","2","","","","","","","","","",800,48,"16.67",1355381,"1",876,"",""
152,test,VocalAlto_hig_FIS1,.wav,"800","","",Please rate the sound pleasantness.,Very unpleasant,Unpleasant,Mildly unpleasant,Mildly pleasant,Pleasant,Very Pleasant,"","1","1","2","","","","","","","","","",801,48,"16.69",1358135,"2",719,"",""
137,test,VocalAlto_mid_FIS5,.wav,"800","","",Please rate the sound pleasantness.,Very unpleasant,Unpleasant,Mildly unpleasant,Mildly pleasant,Pleasant,Very Pleasant,"","1","1","2","","","","","","","","","",799,48,"16.65",1361266,"2",1150,"",""
154,test,VocalAlto_hig_FIS3,.wav,"800","","",Please rate the sound pleasantness.,Very unpleasant,Unpleasant,Mildly unpleasant,Mildly pleasant,Pleasant,Very Pleasant,"","1","1","2","","","","","","","","","",802,48,"16.71",1364189,"3",866,"",""
155,test,VocalAlto_hig_FIS4,.wav,"800","","",Please rate the sound pleasantness.,Very unpleasant,Unpleasant,Mildly unpleasant,Mildly pleasant,Pleasant,Very Pleasant,"","1","1","2","","","","","","","","","",800,48,"16.67",1367003,"4",822,"",""
119,test,VocalAlto_low_FIS6,.wav,"800","","",Please rate the sound pleasantness.,Very unpleasant,Unpleasant,Mildly unpleasant,Mildly pleasant,Pleasant,Very Pleasant,"","1","1","2","","","","","","","","","",800,48,"16.67",1370212,"3",1230,"",""
141,test,VocalAlto_hig_AIS2,.wav,"800","","",Please rate the sound pleasantness.,Very unpleasant,Unpleasant,Mildly unpleasant,Mildly pleasant,Pleasant,Very Pleasant,"","1","1","2","","","","","","","","","",800,48,"16.67",1373014,"3",824,"",""
134,test,VocalAlto_mid_FIS2,.wav,"800","","",Please rate the sound pleasantness.,Very unpleasant,Unpleasant,Mildly unpleasant,Mildly pleasant,Pleasant,Very Pleasant,"","1","1","2","","","","","","","","","",801,48,"16.69",1376464,"5",1453,"",""
145,test,VocalAlto_hig_AIS6,.wav,"800","","",Please rate the sound pleasantness.,Very unpleasant,Unpleasant,Mildly unpleasant,Mildly pleasant,Pleasant,Very Pleasant,"","1","1","2","","","","","","","","","",800,48,"16.67",1379058,"2",595,"",""
132,test,VocalAlto_mid_D7,.wav,"800","","",Please rate the sound pleasantness.,Very unpleasant,Unpleasant,Mildly unpleasant,Mildly pleasant,Pleasant,Very Pleasant,"","1","1","2","","","","","","","","","",800,48,"16.67",1381630,"2",608,"",""
120,test,VocalAlto_low_FIS7,.wav,"800","","",Please rate the sound pleasantness.,Very unpleasant,Unpleasant,Mildly unpleasant,Mildly pleasant,Pleasant,Very Pleasant,"","1","1","2","","","","","","","","","",801,48,"16.69",1384223,"3",615,"",""
115,test,VocalAlto_low_FIS2,.wav,"800","","",Please rate the sound pleasantness.,Very unpleasant,Unpleasant,Mildly unpleasant,Mildly pleasant,Pleasant,Very Pleasant,"","1","1","2","","","","","","","","","",800,48,"16.67",1388957,"4",2766,"",""
95,test,VocalAlto_all_AIS3,.wav,"800","","",Please rate the sound pleasantness.,Very unpleasant,Unpleasant,Mildly unpleasant,Mildly pleasant,Pleasant,Very Pleasant,"","1","1","2","","","","","","","","","",800,48,"16.67",1392299,"4",1363,"",""
117,test,VocalAlto_low_FIS4,.wav,"800","","",Please rate the sound pleasantness.,Very unpleasant,Unpleasant,Mildly unpleasant,Mildly pleasant,Pleasant,Very Pleasant,"","1","1","2","","","","","","","","","",800,48,"16.67",1395002,"5",699,"",""
148,test,VocalAlto_hig_D4,.wav,"800","","",Please rate the sound pleasantness.,Very unpleasant,Unpleasant,Mildly unpleasant,Mildly pleasant,Pleasant,Very Pleasant,"","1","1","2","","","","","","","","","",800,48,"16.67",1397953,"3",969,"",""
136,test,VocalAlto_mid_FIS4,.wav,"800","","",Please rate the sound pleasantness.,Very unpleasant,Unpleasant,Mildly unpleasant,Mildly pleasant,Pleasant,Very Pleasant,"","1","1","2","","","","","","","","","",800,48,"16.67",1400551,"4",590,"",""
114,test,VocalAlto_low_FIS1,.wav,"800","","",Please rate the sound pleasantness.,Very unpleasant,Unpleasant,Mildly unpleasant,Mildly pleasant,Pleasant,Very Pleasant,"","1","1","2","","","","","","","","","",799,48,"16.65",1404301,"4",1749,"",""
97,test,VocalAlto_all_D4,.wav,"800","","",Please rate the sound pleasantness.,Very unpleasant,Unpleasant,Mildly unpleasant,Mildly pleasant,Pleasant,Very Pleasant,"","1","1","2","","","","","","","","","",800,48,"16.67",1407105,"4",806,"",""
156,test,VocalAlto_hig_FIS5,.wav,"800","","",Please rate the sound pleasantness.,Very unpleasant,Unpleasant,Mildly unpleasant,Mildly pleasant,Pleasant,Very Pleasant,"","1","1","2","","","","","","","","","",800,48,"16.67",1409730,"3",631,"",""
126,test,VocalAlto_mid_AIS6,.wav,"800","","",Please rate the sound pleasantness.,Very unpleasant,Unpleasant,Mildly unpleasant,Mildly pleasant,Pleasant,Very Pleasant,"","1","1","2","","","","","","","","","",802,48,"16.71",1412401,"2",648,"",""
99,test,VocalAlto_all_FIS3,.wav,"800","","",Please rate the sound pleasantness.,Very unpleasant,Unpleasant,Mildly unpleasant,Mildly pleasant,Pleasant,Very Pleasant,"","1","1","2","","","","","","","","","",801,48,"16.69",1415073,"3",613,"",""
123,test,VocalAlto_mid_AIS3,.wav,"800","","",Please rate the sound pleasantness.,Very unpleasant,Unpleasant,Mildly unpleasant,Mildly pleasant,Pleasant,Very Pleasant,"","1","1","2","","","","","","","","","",800,48,"16.67",1417973,"3",903,"",""
150,test,VocalAlto_hig_D6,.wav,"800","","",Please rate the sound pleasantness.,Very unpleasant,Unpleasant,Mildly unpleasant,Mildly pleasant,Pleasant,Very Pleasant,"","1","1","2","","","","","","","","","",800,48,"16.67",1420575,"2",621,"",""
142,test,VocalAlto_hig_AIS3,.wav,"800","","",Please rate the sound pleasantness.,Very unpleasant,Unpleasant,Mildly unpleasant,Mildly pleasant,Pleasant,Very Pleasant,"","1","1","2","","","","","","","","","",800,48,"16.67",1423245,"3",692,"",""
109,test,VocalAlto_low_D3,.wav,"800","","",Please rate the sound pleasantness.,Very unpleasant,Unpleasant,Mildly unpleasant,Mildly pleasant,Pleasant,Very Pleasant,"","1","1","2","","","","","","","","","",800,48,"16.67",1426059,"4",818,"",""
122,test,VocalAlto_mid_AIS2,.wav,"800","","",Please rate the sound pleasantness.,Very unpleasant,Unpleasant,Mildly unpleasant,Mildly pleasant,Pleasant,Very Pleasant,"","1","1","2","","","","","","","","","",801,48,"16.69",1429213,"5",1192,"",""
135,test,VocalAlto_mid_FIS3,.wav,"800","","",Please rate the sound pleasantness.,Very unpleasant,Unpleasant,Mildly unpleasant,Mildly pleasant,Pleasant,Very Pleasant,"","1","1","2","","","","","","","","","",800,48,"16.67",1431779,"5",593,"",""
113,test,VocalAlto_low_D7,.wav,"800","","",Please rate the sound pleasantness.,Very unpleasant,Unpleasant,Mildly unpleasant,Mildly pleasant,Pleasant,Very Pleasant,"","1","1","2","","","","","","","","","",801,48,"16.69",1434497,"2",732,"",""
149,test,VocalAlto_hig_D5,.wav,"800","","",Please rate the sound pleasantness.,Very unpleasant,Unpleasant,Mildly unpleasant,Mildly pleasant,Pleasant,Very Pleasant,"","1","1","2","","","","","","","","","",800,48,"16.67",1437898,"3",1405,"",""
124,test,VocalAlto_mid_AIS4,.wav,"800","","",Please rate the sound pleasantness.,Very unpleasant,Unpleasant,Mildly unpleasant,Mildly pleasant,Pleasant,Very Pleasant,"","1","1","2","","","","","","","","","",800,48,"16.67",1440972,"3",1059,"",""
146,test,VocalAlto_hig_D2,.wav,"800","","",Please rate the sound pleasantness.,Very unpleasant,Unpleasant,Mildly unpleasant,Mildly pleasant,Pleasant,Very Pleasant,"","1","1","2","","","","","","","","","",802,48,"16.71",1444723,"3",1758,"",""
108,test,VocalAlto_low_D2,.wav,"800","","",Please rate the sound pleasantness.,Very unpleasant,Unpleasant,Mildly unpleasant,Mildly pleasant,Pleasant,Very Pleasant,"","1","1","2","","","","","","","","","",800,48,"16.67",1449149,"5",2435,"",""
127,test,VocalAlto_mid_D2,.wav,"800","","",Please rate the sound pleasantness.,Very unpleasant,Unpleasant,Mildly unpleasant,Mildly pleasant,Pleasant,Very Pleasant,"","1","1","2","","","","","","","","","",800,48,"16.67",1451808,"5",617,"",""
96,test,VocalAlto_all_AIS4,.wav,"800","","",Please rate the sound pleasantness.,Very unpleasant,Unpleasant,Mildly unpleasant,Mildly pleasant,Pleasant,Very Pleasant,"","1","1","2","","","","","","","","","",800,48,"16.67",1454550,"5",722,"",""
157,test,VocalAlto_hig_FIS6,.wav,"800","","",Please rate the sound pleasantness.,Very unpleasant,Unpleasant,Mildly unpleasant,Mildly pleasant,Pleasant,Very Pleasant,"","1","1","2","","","","","","","","","",800,48,"16.67",1457910,"2",1297,"",""
102,test,VocalAlto_low_AIS1,.wav,"800","","",Please rate the sound pleasantness.,Very unpleasant,Unpleasant,Mildly unpleasant,Mildly pleasant,Pleasant,Very Pleasant,"","1","1","2","","","","","","","","","",800,48,"16.67",1460578,"5",651,"",""
112,test,VocalAlto_low_D6,.wav,"800","","",Please rate the sound pleasantness.,Very unpleasant,Unpleasant,Mildly unpleasant,Mildly pleasant,Pleasant,Very Pleasant,"","1","1","2","","","","","","","","","",801,48,"16.69",1464686,"2",2104,"",""
121,test,VocalAlto_mid_AIS1,.wav,"800","","",Please rate the sound pleasantness.,Very unpleasant,Unpleasant,Mildly unpleasant,Mildly pleasant,Pleasant,Very Pleasant,"","1","1","2","","","","","","","","","",801,48,"16.69",1467460,"4",780,"",""
151,test,VocalAlto_hig_D7,.wav,"800","","",Please rate the sound pleasantness.,Very unpleasant,Unpleasant,Mildly unpleasant,Mildly pleasant,Pleasant,Very Pleasant,"","1","1","2","","","","","","","","","",801,48,"16.69",1470253,"1",793,"",""
138,test,VocalAlto_mid_FIS6,.wav,"800","","",Please rate the sound pleasantness.,Very unpleasant,Unpleasant,Mildly unpleasant,Mildly pleasant,Pleasant,Very Pleasant,"","1","1","2","","","","","","","","","",800,48,"16.67",1473128,"2",872,"",""
125,test,VocalAlto_mid_AIS5,.wav,"800","","",Please rate the sound pleasantness.,Very unpleasant,Unpleasant,Mildly unpleasant,Mildly pleasant,Pleasant,Very Pleasant,"","1","1","2","","","","","","","","","",801,48,"16.69",1475954,"3",837,"",""
101,test,VocalAlto_all_FIS5,.wav,"800","","",Please rate the sound pleasantness.,Very unpleasant,Unpleasant,Mildly unpleasant,Mildly pleasant,Pleasant,Very Pleasant,"","1","1","2","","","","","","","","","",800,48,"16.67",1479138,"3",1178,"",""
153,test,VocalAlto_hig_FIS2,.wav,"800","","",Please rate the sound pleasantness.,Very unpleasant,Unpleasant,Mildly unpleasant,Mildly pleasant,Pleasant,Very Pleasant,"","1","1","2","","","","","","","","","",800,48,"16.67",1481772,"3",634,"",""
140,test,VocalAlto_hig_AIS1,.wav,"800","","",Please rate the sound pleasantness.,Very unpleasant,Unpleasant,Mildly unpleasant,Mildly pleasant,Pleasant,Very Pleasant,"","1","1","2","","","","","","","","","",800,48,"16.67",1485043,"3",1270,"",""
143,test,VocalAlto_hig_AIS4,.wav,"800","","",Please rate the sound pleasantness.,Very unpleasant,Unpleasant,Mildly unpleasant,Mildly pleasant,Pleasant,Very Pleasant,"","1","1","2","","","","","","","","","",802,48,"16.71",1487832,"2",759,"",""
144,test,VocalAlto_hig_AIS5,.wav,"800","","",Please rate the sound pleasantness.,Very unpleasant,Unpleasant,Mildly unpleasant,Mildly pleasant,Pleasant,Very Pleasant,"","1","1","2","","","","","","","","","",801,48,"16.69",1490356,"2",514,"",""
104,test,VocalAlto_low_AIS3,.wav,"800","","",Please rate the sound pleasantness.,Very unpleasant,Unpleasant,Mildly unpleasant,Mildly pleasant,Pleasant,Very Pleasant,"","1","1","2","","","","","","","","","",801,48,"16.69",1493327,"5",971,"",""
158,test,VocalAlto_hig_FIS7,.wav,"800","","",Please rate the sound pleasantness.,Very unpleasant,Unpleasant,Mildly unpleasant,Mildly pleasant,Pleasant,Very Pleasant,"","1","1","2","","","","","","","","","",800,48,"16.67",1496208,"3",889,"",""
107,test,VocalAlto_low_AIS6,.wav,"800","","",Please rate the sound pleasantness.,Very unpleasant,Unpleasant,Mildly unpleasant,Mildly pleasant,Pleasant,Very Pleasant,"","1","1","2","","","","","","","","","",800,48,"16.67",1498711,"2",524,"",""
129,test,VocalAlto_mid_D4,.wav,"800","","",Please rate the sound pleasantness.,Very unpleasant,Unpleasant,Mildly unpleasant,Mildly pleasant,Pleasant,Very Pleasant,"","1","1","2","","","","","","","","","",800,48,"16.67",1501358,"4",667,"",""
100,test,VocalAlto_all_FIS4,.wav,"800","","",Please rate the sound pleasantness.,Very unpleasant,Unpleasant,Mildly unpleasant,Mildly pleasant,Pleasant,Very Pleasant,"","1","1","2","","","","","","","","","",800,48,"16.67",1503942,"5",602,"",""
105,test,VocalAlto_low_AIS4,.wav,"800","","",Please rate the sound pleasantness.,Very unpleasant,Unpleasant,Mildly unpleasant,Mildly pleasant,Pleasant,Very Pleasant,"","1","1","2","","","","","","","","","",800,48,"16.67",1506476,"6",546,"",""
98,test,VocalAlto_all_D5,.wav,"800","","",Please rate the sound pleasantness.,Very unpleasant,Unpleasant,Mildly unpleasant,Mildly pleasant,Pleasant,Very Pleasant,"","1","1","2","","","","","","","","","",801,48,"16.69",1509393,"6",940,"",""
257,test,Tuba_low_FIS7,.wav,"800","","",Please rate the sound pleasantness.,Very unpleasant,Unpleasant,Mildly unpleasant,Mildly pleasant,Pleasant,Very Pleasant,"","1","1","4","","","","","","","","","",801,48,"16.69",1520863,"4",3026,"",""
272,test,Tuba_mid_FIS3,.wav,"800","","",Please rate the sound pleasantness.,Very unpleasant,Unpleasant,Mildly unpleasant,Mildly pleasant,Pleasant,Very Pleasant,"","1","1","4","","","","","","","","","",800,48,"16.67",1523749,"5",891,"",""
276,test,Tuba_mid_FIS7,.wav,"800","","",Please rate the sound pleasantness.,Very unpleasant,Unpleasant,Mildly unpleasant,Mildly pleasant,Pleasant,Very Pleasant,"","1","1","4","","","","","","","","","",800,48,"16.67",1526433,"3",684,"",""
277,test,Tuba_hig_AIS1,.wav,"800","","",Please rate the sound pleasantness.,Very unpleasant,Unpleasant,Mildly unpleasant,Mildly pleasant,Pleasant,Very Pleasant,"","1","1","4","","","","","","","","","",799,48,"16.65",1529025,"4",613,"",""
247,test,Tuba_low_D4,.wav,"800","","",Please rate the sound pleasantness.,Very unpleasant,Unpleasant,Mildly unpleasant,Mildly pleasant,Pleasant,Very Pleasant,"","1","1","4","","","","","","","","","",801,48,"16.69",1532135,"5",1090,"",""
242,test,Tuba_low_AIS4,.wav,"800","","",Please rate the sound pleasantness.,Very unpleasant,Unpleasant,Mildly unpleasant,Mildly pleasant,Pleasant,Very Pleasant,"","1","1","4","","","","","","","","","",801,48,"16.69",1535135,"4",1008,"",""
229,test,Tuba_all_AIS1,.wav,"800","","",Please rate the sound pleasantness.,Very unpleasant,Unpleasant,Mildly unpleasant,Mildly pleasant,Pleasant,Very Pleasant,"","1","1","4","","","","","","","","","",801,48,"16.69",1538056,"4",939,"",""
243,test,Tuba_low_AIS5,.wav,"800","","",Please rate the sound pleasantness.,Very unpleasant,Unpleasant,Mildly unpleasant,Mildly pleasant,Pleasant,Very Pleasant,"","1","1","4","","","","","","","","","",800,48,"16.67",1540667,"4",600,"",""
288,test,Tuba_hig_D7,.wav,"800","","",Please rate the sound pleasantness.,Very unpleasant,Unpleasant,Mildly unpleasant,Mildly pleasant,Pleasant,Very Pleasant,"","1","1","4","","","","","","","","","",800,48,"16.67",1543285,"3",578,"",""
252,test,Tuba_low_FIS2,.wav,"800","","",Please rate the sound pleasantness.,Very unpleasant,Unpleasant,Mildly unpleasant,Mildly pleasant,Pleasant,Very Pleasant,"","1","1","4","","","","","","","","","",801,48,"16.69",1546949,"4",1632,"",""
284,test,Tuba_hig_D3,.wav,"800","","",Please rate the sound pleasantness.,Very unpleasant,Unpleasant,Mildly unpleasant,Mildly pleasant,Pleasant,Very Pleasant,"","1","1","4","","","","","","","","","",800,48,"16.67",1549941,"4",968,"",""
241,test,Tuba_low_AIS3,.wav,"800","","",Please rate the sound pleasantness.,Very unpleasant,Unpleasant,Mildly unpleasant,Mildly pleasant,Pleasant,Very Pleasant,"","1","1","4","","","","","","","","","",801,48,"16.69",1552579,"5",629,"",""
261,test,Tuba_mid_AIS4,.wav,"800","","",Please rate the sound pleasantness.,Very unpleasant,Unpleasant,Mildly unpleasant,Mildly pleasant,Pleasant,Very Pleasant,"","1","1","4","","","","","","","","","",801,48,"16.69",1555297,"5",705,"",""
283,test,Tuba_hig_D2,.wav,"800","","",Please rate the sound pleasantness.,Very unpleasant,Unpleasant,Mildly unpleasant,Mildly pleasant,Pleasant,Very Pleasant,"","1","1","4","","","","","","","","","",801,48,"16.69",1557984,"4",702,"",""
274,test,Tuba_mid_FIS5,.wav,"800","","",Please rate the sound pleasantness.,Very unpleasant,Unpleasant,Mildly unpleasant,Mildly pleasant,Pleasant,Very Pleasant,"","1","1","4","","","","","","","","","",801,48,"16.69",1560601,"5",624,"",""
292,test,Tuba_hig_FIS4,.wav,"800","","",Please rate the sound pleasantness.,Very unpleasant,Unpleasant,Mildly unpleasant,Mildly pleasant,Pleasant,Very Pleasant,"","1","1","4","","","","","","","","","",800,48,"16.67",1563226,"5",629,"",""
237,test,Tuba_all_FIS3,.wav,"800","","",Please rate the sound pleasantness.,Very unpleasant,Unpleasant,Mildly unpleasant,Mildly pleasant,Pleasant,Very Pleasant,"","1","1","4","","","","","","","","","",801,48,"16.69",1566826,"6",1588,"",""
266,test,Tuba_mid_D4,.wav,"800","","",Please rate the sound pleasantness.,Very unpleasant,Unpleasant,Mildly unpleasant,Mildly pleasant,Pleasant,Very Pleasant,"","1","1","4","","","","","","","","","",801,48,"16.69",1569360,"5",513,"",""
263,test,Tuba_mid_AIS6,.wav,"800","","",Please rate the sound pleasantness.,Very unpleasant,Unpleasant,Mildly unpleasant,Mildly pleasant,Pleasant,Very Pleasant,"","1","1","4","","","","","","","","","",800,48,"16.67",1573103,"3",1726,"",""
285,test,Tuba_hig_D4,.wav,"800","","",Please rate the sound pleasantness.,Very unpleasant,Unpleasant,Mildly unpleasant,Mildly pleasant,Pleasant,Very Pleasant,"","1","1","4","","","","","","","","","",800,48,"16.67",1575761,"4",672,"",""
255,test,Tuba_low_FIS5,.wav,"800","","",Please rate the sound pleasantness.,Very unpleasant,Unpleasant,Mildly unpleasant,Mildly pleasant,Pleasant,Very Pleasant,"","1","1","4","","","","","","","","","",801,48,"16.69",1578417,"5",647,"",""
234,test,Tuba_all_D4,.wav,"800","","",Please rate the sound pleasantness.,Very unpleasant,Unpleasant,Mildly unpleasant,Mildly pleasant,Pleasant,Very Pleasant,"","1","1","4","","","","","","","","","",800,48,"16.67",1581272,"4",830,"",""
245,test,Tuba_low_D2,.wav,"800","","",Please rate the sound pleasantness.,Very unpleasant,Unpleasant,Mildly unpleasant,Mildly pleasant,Pleasant,Very Pleasant,"","1","1","4","","","","","","","","","",800,48,"16.67",1583998,"4",712,"",""
262,test,Tuba_mid_AIS5,.wav,"800","","",Please rate the sound pleasantness.,Very unpleasant,Unpleasant,Mildly unpleasant,Mildly pleasant,Pleasant,Very Pleasant,"","1","1","4","","","","","","","","","",799,48,"16.65",1586974,"6",955,"",""
289,test,Tuba_hig_FIS1,.wav,"800","","",Please rate the sound pleasantness.,Very unpleasant,Unpleasant,Mildly unpleasant,Mildly pleasant,Pleasant,Very Pleasant,"","1","1","4","","","","","","","","","",799,48,"16.65",1589869,"4",886,"",""
258,test,Tuba_mid_AIS1,.wav,"800","","",Please rate the sound pleasantness.,Very unpleasant,Unpleasant,Mildly unpleasant,Mildly pleasant,Pleasant,Very Pleasant,"","1","1","4","","","","","","","","","",802,48,"16.71",1592715,"5",839,"",""
238,test,Tuba_all_FIS4,.wav,"800","","",Please rate the sound pleasantness.,Very unpleasant,Unpleasant,Mildly unpleasant,Mildly pleasant,Pleasant,Very Pleasant,"","1","1","4","","","","","","","","","",800,48,"16.67",1595557,"5",763,"",""
232,test,Tuba_all_D2,.wav,"800","","",Please rate the sound pleasantness.,Very unpleasant,Unpleasant,Mildly unpleasant,Mildly pleasant,Pleasant,Very Pleasant,"","1","1","4","","","","","","","","","",800,48,"16.67",1598761,"6",1168,"",""
239,test,Tuba_low_AIS1,.wav,"800","","",Please rate the sound pleasantness.,Very unpleasant,Unpleasant,Mildly unpleasant,Mildly pleasant,Pleasant,Very Pleasant,"","1","1","4","","","","","","","","","",800,48,"16.67",1601315,"6",538,"",""
267,test,Tuba_mid_D5,.wav,"800","","",Please rate the sound pleasantness.,Very unpleasant,Unpleasant,Mildly unpleasant,Mildly pleasant,Pleasant,Very Pleasant,"","1","1","4","","","","","","","","","",801,48,"16.69",1605058,"4",1684,"",""
235,test,Tuba_all_FIS1,.wav,"800","","",Please rate the sound pleasantness.,Very unpleasant,Unpleasant,Mildly unpleasant,Mildly pleasant,Pleasant,Very Pleasant,"","1","1","4","","","","","","","","","",800,48,"16.67",1610159,"5",3067,"",""
256,test,Tuba_low_FIS6,.wav,"800","","",Please rate the sound pleasantness.,Very unpleasant,Unpleasant,Mildly unpleasant,Mildly pleasant,Pleasant,Very Pleasant,"","1","1","4","","","","","","","","","",801,48,"16.69",1613609,"2",1428,"",""
282,test,Tuba_hig_AIS6,.wav,"800","","",Please rate the sound pleasantness.,Very unpleasant,Unpleasant,Mildly unpleasant,Mildly pleasant,Pleasant,Very Pleasant,"","1","1","4","","","","","","","","","",800,48,"16.67",1616802,"2",1190,"",""
293,test,Tuba_hig_FIS5,.wav,"800","","",Please rate the sound pleasantness.,Very unpleasant,Unpleasant,Mildly unpleasant,Mildly pleasant,Pleasant,Very Pleasant,"","1","1","4","","","","","","","","","",800,48,"16.67",1619611,"3",798,"",""
233,test,Tuba_all_D3,.wav,"800","","",Please rate the sound pleasantness.,Very unpleasant,Unpleasant,Mildly unpleasant,Mildly pleasant,Pleasant,Very Pleasant,"","1","1","4","","","","","","","","","",799,48,"16.65",1622383,"4",765,"",""
250,test,Tuba_low_D7,.wav,"800","","",Please rate the sound pleasantness.,Very unpleasant,Unpleasant,Mildly unpleasant,Mildly pleasant,Pleasant,Very Pleasant,"","1","1","4","","","","","","","","","",801,48,"16.69",1625230,"2",784,"",""
290,test,Tuba_hig_FIS2,.wav,"800","","",Please rate the sound pleasantness.,Very unpleasant,Unpleasant,Mildly unpleasant,Mildly pleasant,Pleasant,Very Pleasant,"","1","1","4","","","","","","","","","",800,48,"16.67",1627908,"3",672,"",""
286,test,Tuba_hig_D5,.wav,"800","","",Please rate the sound pleasantness.,Very unpleasant,Unpleasant,Mildly unpleasant,Mildly pleasant,Pleasant,Very Pleasant,"","1","1","4","","","","","","","","","",800,48,"16.67",1630588,"3",632,"",""
248,test,Tuba_low_D5,.wav,"800","","",Please rate the sound pleasantness.,Very unpleasant,Unpleasant,Mildly unpleasant,Mildly pleasant,Pleasant,Very Pleasant,"","1","1","4","","","","","","","","","",801,48,"16.69",1633005,"3",390,"",""
236,test,Tuba_all_FIS2,.wav,"800","","",Please rate the sound pleasantness.,Very unpleasant,Unpleasant,Mildly unpleasant,Mildly pleasant,Pleasant,Very Pleasant,"","1","1","4","","","","","","","","","",801,48,"16.69",1635637,"4",626,"",""
231,test,Tuba_all_AIS3,.wav,"800","","",Please rate the sound pleasantness.,Very unpleasant,Unpleasant,Mildly unpleasant,Mildly pleasant,Pleasant,Very Pleasant,"","1","1","4","","","","","","","","","",801,48,"16.69",1638355,"5",679,"",""
246,test,Tuba_low_D3,.wav,"800","","",Please rate the sound pleasantness.,Very unpleasant,Unpleasant,Mildly unpleasant,Mildly pleasant,Pleasant,Very Pleasant,"","1","1","4","","","","","","","","","",800,48,"16.67",1641254,"5",904,"",""
230,test,Tuba_all_AIS2,.wav,"800","","",Please rate the sound pleasantness.,Very unpleasant,Unpleasant,Mildly unpleasant,Mildly pleasant,Pleasant,Very Pleasant,"","1","1","4","","","","","","","","","",800,48,"16.67",1644175,"6",860,"",""
271,test,Tuba_mid_FIS2,.wav,"800","","",Please rate the sound pleasantness.,Very unpleasant,Unpleasant,Mildly unpleasant,Mildly pleasant,Pleasant,Very Pleasant,"","1","1","4","","","","","","","","","",800,48,"16.67",1646756,"6",541,"",""
264,test,Tuba_mid_D2,.wav,"800","","",Please rate the sound pleasantness.,Very unpleasant,Unpleasant,Mildly unpleasant,Mildly pleasant,Pleasant,Very Pleasant,"","1","1","4","","","","","","","","","",801,48,"16.69",1649290,"6",497,"",""
254,test,Tuba_low_FIS4,.wav,"800","","",Please rate the sound pleasantness.,Very unpleasant,Unpleasant,Mildly unpleasant,Mildly pleasant,Pleasant,Very Pleasant,"","1","1","4","","","","","","","","","",801,48,"16.69",1651799,"5",501,"",""
294,test,Tuba_hig_FIS6,.wav,"800","","",Please rate the sound pleasantness.,Very unpleasant,Unpleasant,Mildly unpleasant,Mildly pleasant,Pleasant,Very Pleasant,"","1","1","4","","","","","","","","","",800,48,"16.67",1654883,"3",1070,"",""
260,test,Tuba_mid_AIS3,.wav,"800","","",Please rate the sound pleasantness.,Very unpleasant,Unpleasant,Mildly unpleasant,Mildly pleasant,Pleasant,Very Pleasant,"","1","1","4","","","","","","","","","",800,48,"16.67",1657613,"4",717,"",""
279,test,Tuba_hig_AIS3,.wav,"800","","",Please rate the sound pleasantness.,Very unpleasant,Unpleasant,Mildly unpleasant,Mildly pleasant,Pleasant,Very Pleasant,"","1","1","4","","","","","","","","","",801,48,"16.69",1660501,"4",855,"",""
268,test,Tuba_mid_D6,.wav,"800","","",Please rate the sound pleasantness.,Very unpleasant,Unpleasant,Mildly unpleasant,Mildly pleasant,Pleasant,Very Pleasant,"","1","1","4","","","","","","","","","",800,48,"16.67",1663210,"5",683,"",""
253,test,Tuba_low_FIS3,.wav,"800","","",Please rate the sound pleasantness.,Very unpleasant,Unpleasant,Mildly unpleasant,Mildly pleasant,Pleasant,Very Pleasant,"","1","1","4","","","","","","","","","",802,48,"16.71",1666260,"5",1020,"",""
244,test,Tuba_low_AIS6,.wav,"800","","",Please rate the sound pleasantness.,Very unpleasant,Unpleasant,Mildly unpleasant,Mildly pleasant,Pleasant,Very Pleasant,"","1","1","4","","","","","","","","","",800,48,"16.67",1669137,"2",842,"",""
273,test,Tuba_mid_FIS4,.wav,"800","","",Please rate the sound pleasantness.,Very unpleasant,Unpleasant,Mildly unpleasant,Mildly pleasant,Pleasant,Very Pleasant,"","1","1","4","","","","","","","","","",800,48,"16.67",1672435,"4",1248,"",""
281,test,Tuba_hig_AIS5,.wav,"800","","",Please rate the sound pleasantness.,Very unpleasant,Unpleasant,Mildly unpleasant,Mildly pleasant,Pleasant,Very Pleasant,"","1","1","4","","","","","","","","","",801,48,"16.69",1675172,"5",676,"",""
240,test,Tuba_low_AIS2,.wav,"800","","",Please rate the sound pleasantness.,Very unpleasant,Unpleasant,Mildly unpleasant,Mildly pleasant,Pleasant,Very Pleasant,"","1","1","4","","","","","","","","","",799,48,"16.65",1678628,"4",1407,"",""
287,test,Tuba_hig_D6,.wav,"800","","",Please rate the sound pleasantness.,Very unpleasant,Unpleasant,Mildly unpleasant,Mildly pleasant,Pleasant,Very Pleasant,"","1","1","4","","","","","","","","","",801,48,"16.69",1681171,"4",496,"",""
275,test,Tuba_mid_FIS6,.wav,"800","","",Please rate the sound pleasantness.,Very unpleasant,Unpleasant,Mildly unpleasant,Mildly pleasant,Pleasant,Very Pleasant,"","1","1","4","","","","","","","","","",800,48,"16.67",1683738,"3",547,"",""
295,test,Tuba_hig_FIS7,.wav,"800","","",Please rate the sound pleasantness.,Very unpleasant,Unpleasant,Mildly unpleasant,Mildly pleasant,Pleasant,Very Pleasant,"","1","1","4","","","","","","","","","",800,48,"16.67",1687213,"2",1439,"",""
280,test,Tuba_hig_AIS4,.wav,"800","","",Please rate the sound pleasantness.,Very unpleasant,Unpleasant,Mildly unpleasant,Mildly pleasant,Pleasant,Very Pleasant,"","1","1","4","","","","","","","","","",801,48,"16.69",1689943,"3",710,"",""
278,test,Tuba_hig_AIS2,.wav,"800","","",Please rate the sound pleasantness.,Very unpleasant,Unpleasant,Mildly unpleasant,Mildly pleasant,Pleasant,Very Pleasant,"","1","1","4","","","","","","","","","",800,48,"16.67",1692656,"3",708,"",""
259,test,Tuba_mid_AIS2,.wav,"800","","",Please rate the sound pleasantness.,Very unpleasant,Unpleasant,Mildly unpleasant,Mildly pleasant,Pleasant,Very Pleasant,"","1","1","4","","","","","","","","","",800,48,"16.67",1695264,"4",567,"",""
251,test,Tuba_low_FIS1,.wav,"800","","",Please rate the sound pleasantness.,Very unpleasant,Unpleasant,Mildly unpleasant,Mildly pleasant,Pleasant,Very Pleasant,"","1","1","4","","","","","","","","","",801,48,"16.69",1697834,"4",545,"",""
265,test,Tuba_mid_D3,.wav,"800","","",Please rate the sound pleasantness.,Very unpleasant,Unpleasant,Mildly unpleasant,Mildly pleasant,Pleasant,Very Pleasant,"","1","1","4","","","","","","","","","",800,48,"16.67",1700341,"5",488,"",""
269,test,Tuba_mid_D7,.wav,"800","","",Please rate the sound pleasantness.,Very unpleasant,Unpleasant,Mildly unpleasant,Mildly pleasant,Pleasant,Very Pleasant,"","1","1","4","","","","","","","","","",801,48,"16.69",1703087,"2",719,"",""
291,test,Tuba_hig_FIS3,.wav,"800","","",Please rate the sound pleasantness.,Very unpleasant,Unpleasant,Mildly unpleasant,Mildly pleasant,Pleasant,Very Pleasant,"","1","1","4","","","","","","","","","",800,48,"16.67",1705863,"4",761,"",""
270,test,Tuba_mid_FIS1,.wav,"800","","",Please rate the sound pleasantness.,Very unpleasant,Unpleasant,Mildly unpleasant,Mildly pleasant,Pleasant,Very Pleasant,"","1","1","4","","","","","","","","","",801,48,"16.69",1708450,"4",558,"",""
249,test,Tuba_low_D6,.wav,"800","","",Please rate the sound pleasantness.,Very unpleasant,Unpleasant,Mildly unpleasant,Mildly pleasant,Pleasant,Very Pleasant,"","1","1","4","","","","","","","","","",801,48,"16.69",1711517,"5",989,"",""
309,test,Violin_hig_AIS4,.wav,"800","","",Please rate the sound plausibility.,Very implausible,Implausible,Slightly implausible,Slightly plausible,Plausible,Very Plausible,"","1","1","","","","","","","","","","",800,48,"16.67",1837934,"2",11591,"",""
306,test,Violin_mid_AIS4,.wav,"800","","",Please rate the sound plausibility.,Very implausible,Implausible,Slightly implausible,Slightly plausible,Plausible,Very Plausible,"","1","1","","","","","","","","","","",802,48,"16.71",1849031,"2",9052,"",""
301,test,Violin_all_FIS6,.wav,"800","","",Please rate the sound plausibility.,Very implausible,Implausible,Slightly implausible,Slightly plausible,Plausible,Very Plausible,"","1","1","","","","","","","","","","",799,48,"16.65",1863250,"2",12192,"",""
303,test,Violin_low_AIS4,.wav,"800","","",Please rate the sound plausibility.,Very implausible,Implausible,Slightly implausible,Slightly plausible,Plausible,Very Plausible,"","1","1","","","","","","","","","","",800,48,"16.67",1868577,"3",3322,"",""
305,test,Violin_mid_AIS3,.wav,"800","","",Please rate the sound plausibility.,Very implausible,Implausible,Slightly implausible,Slightly plausible,Plausible,Very Plausible,"","1","1","","","","","","","","","","",801,48,"16.69",1875815,"3",5218,"",""
312,test,Violin_mid_D2,.wav,"800","","",Please rate the sound plausibility.,Very implausible,Implausible,Slightly implausible,Slightly plausible,Plausible,Very Plausible,"","1","1","","","","","","","","","","",800,48,"16.67",1880595,"2",2788,"",""
307,test,Violin_mid_FIS6,.wav,"800","","",Please rate the sound plausibility.,Very implausible,Implausible,Slightly implausible,Slightly plausible,Plausible,Very Plausible,"","1","1","","","","","","","","","","",800,48,"16.67",1895382,"2",12737,"",""
311,test,Violin_low_D2,.wav,"800","","",Please rate the sound plausibility.,Very implausible,Implausible,Slightly implausible,Slightly plausible,Plausible,Very Plausible,"","1","1","","","","","","","","","","",801,48,"16.69",1899626,"1",2225,"",""
299,test,Violin_all_AIS3,.wav,"800","","",Please rate the sound plausibility.,Very implausible,Implausible,Slightly implausible,Slightly plausible,Plausible,Very Plausible,"","1","1","","","","","","","","","","",800,48,"16.67",1904990,"4",3352,"",""
308,test,Violin_hig_AIS3,.wav,"800","","",Please rate the sound plausibility.,Very implausible,Implausible,Slightly implausible,Slightly plausible,Plausible,Very Plausible,"","1","1","","","","","","","","","","",801,48,"16.69",1909410,"2",2400,"",""
304,test,Violin_low_FIS6,.wav,"800","","",Please rate the sound plausibility.,Very implausible,Implausible,Slightly implausible,Slightly plausible,Plausible,Very Plausible,"","1","1","","","","","","","","","","",799,48,"16.65",1916473,"3",5056,"",""
313,test,Violin_hig_D2,.wav,"800","","",Please rate the sound plausibility.,Very implausible,Implausible,Slightly implausible,Slightly plausible,Plausible,Very Plausible,"","1","1","","","","","","","","","","",801,48,"16.69",1921101,"3",2629,"",""
300,test,Violin_all_AIS4,.wav,"800","","",Please rate the sound plausibility.,Very implausible,Implausible,Slightly implausible,Slightly plausible,Plausible,Very Plausible,"","1","1","","","","","","","","","","",801,48,"16.69",1924941,"4",1807,"",""
310,test,Violin_hig_FIS6,.wav,"800","","",Please rate the sound plausibility.,Very implausible,Implausible,Slightly implausible,Slightly plausible,Plausible,Very Plausible,"","1","1","","","","","","","","","","",801,48,"16.69",1930195,"4",3159,"",""
302,test,Violin_low_AIS3,.wav,"800","","",Please rate the sound plausibility.,Very implausible,Implausible,Slightly implausible,Slightly plausible,Plausible,Very Plausible,"","1","1","","","","","","","","","","",800,48,"16.67",1936190,"5",3980,"",""
330,test,VocalAlto_low_D7,.wav,"800","","",Please rate the sound plausibility.,Very implausible,Implausible,Slightly implausible,Slightly plausible,Plausible,Very Plausible,"","1","1","","","","","","","","","","",7734,1,"7734.00",2012291,"1",25296,"",""
321,test,VocalAlto_mid_AIS3,.wav,"800","","",Please rate the sound plausibility.,Very implausible,Implausible,Slightly implausible,Slightly plausible,Plausible,Very Plausible,"","1","1","","","","","","","","","","",800,48,"16.67",2015441,"2",1152,"",""
315,test,VocalAlto_all_AIS3,.wav,"800","","",Please rate the sound plausibility.,Very implausible,Implausible,Slightly implausible,Slightly plausible,Plausible,Very Plausible,"","1","1","","","","","","","","","","",800,48,"16.67",2022302,"2",4841,"",""
317,test,VocalAlto_all_FIS5,.wav,"800","","",Please rate the sound plausibility.,Very implausible,Implausible,Slightly implausible,Slightly plausible,Plausible,Very Plausible,"","1","1","","","","","","","","","","",801,48,"16.69",2025801,"2",1475,"",""
328,test,VocalAlto_mid_D2,.wav,"800","","",Please rate the sound plausibility.,Very implausible,Implausible,Slightly implausible,Slightly plausible,Plausible,Very Plausible,"","1","1","","","","","","","","","","",800,48,"16.67",2029452,"3",1618,"",""
320,test,VocalAlto_low_FIS5,.wav,"800","","",Please rate the sound plausibility.,Very implausible,Implausible,Slightly implausible,Slightly plausible,Plausible,Very Plausible,"","1","1","","","","","","","","","","",801,48,"16.69",2063632,"1",32172,"",""
323,test,VocalAlto_mid_FIS5,.wav,"800","","",Please rate the sound plausibility.,Very implausible,Implausible,Slightly implausible,Slightly plausible,Plausible,Very Plausible,"","1","1","","","","","","","","","","",801,48,"16.69",2070426,"3",4797,"",""
325,test,VocalAlto_hig_FIS4,.wav,"800","","",Please rate the sound plausibility.,Very implausible,Implausible,Slightly implausible,Slightly plausible,Plausible,Very Plausible,"","1","1","","","","","","","","","","",801,48,"16.69",2074068,"3",1642,"",""
318,test,VocalAlto_low_AIS3,.wav,"800","","",Please rate the sound plausibility.,Very implausible,Implausible,Slightly implausible,Slightly plausible,Plausible,Very Plausible,"","1","1","","","","","","","","","","",799,48,"16.65",2080531,"4",4460,"",""
329,test,VocalAlto_hig_D2,.wav,"800","","",Please rate the sound plausibility.,Very implausible,Implausible,Slightly implausible,Slightly plausible,Plausible,Very Plausible,"","1","1","","","","","","","","","","",802,48,"16.71",2083807,"3",1244,"",""
319,test,VocalAlto_low_FIS4,.wav,"800","","",Please rate the sound plausibility.,Very implausible,Implausible,Slightly implausible,Slightly plausible,Plausible,Very Plausible,"","1","1","","","","","","","","","","",801,48,"16.69",2090004,"4",4225,"",""
316,test,VocalAlto_all_FIS4,.wav,"800","","",Please rate the sound plausibility.,Very implausible,Implausible,Slightly implausible,Slightly plausible,Plausible,Very Plausible,"","1","1","","","","","","","","","","",800,48,"16.67",2093013,"4",979,"",""
326,test,VocalAlto_hig_FIS5,.wav,"800","","",Please rate the sound plausibility.,Very implausible,Implausible,Slightly implausible,Slightly plausible,Plausible,Very Plausible,"","1","1","","","","","","","","","","",799,48,"16.65",2100999,"4",5960,"",""
327,test,VocalAlto_low_D2,.wav,"800","","",Please rate the sound plausibility.,Very implausible,Implausible,Slightly implausible,Slightly plausible,Plausible,Very Plausible,"","1","1","","","","","","","","","","",801,48,"16.69",2106020,"4",2999,"",""
331,test,VocalAlto_mid_D7,.wav,"800","","",Please rate the sound plausibility.,Very implausible,Implausible,Slightly implausible,Slightly plausible,Plausible,Very Plausible,"","1","1","","","","","","","","","","",800,48,"16.67",2112073,"3",4043,"",""
324,test,VocalAlto_hig_AIS3,.wav,"800","","",Please rate the sound plausibility.,Very implausible,Implausible,Slightly implausible,Slightly plausible,Plausible,Very Plausible,"","1","1","","","","","","","","","","",800,48,"16.67",2115472,"2",1402,"",""
322,test,VocalAlto_mid_FIS4,.wav,"800","","",Please rate the sound plausibility.,Very implausible,Implausible,Slightly implausible,Slightly plausible,Plausible,Very Plausible,"","1","1","","","","","","","","","","",800,48,"16.67",2119176,"4",1646,"",""
332,test,VocalAlto_hig_D7,.wav,"800","","",Please rate the sound plausibility.,Very implausible,Implausible,Slightly implausible,Slightly plausible,Plausible,Very Plausible,"","1","1","","","","","","","","","","",800,48,"16.67",2125061,"3",3838,"",""
339,test,ClarinetBb_low_FIS5,.wav,"800","","",Please rate the sound plausibility.,Very implausible,Implausible,Slightly implausible,Slightly plausible,Plausible,Very Plausible,"","1","1","","","","","","","","","","",800,48,"16.67",2175250,"4",1421,"",""
342,test,ClarinetBb_mid_FIS5,.wav,"800","","",Please rate the sound plausibility.,Very implausible,Implausible,Slightly implausible,Slightly plausible,Plausible,Very Plausible,"","1","1","","","","","","","","","","",799,48,"16.65",2178102,"5",871,"",""
346,test,ClarinetBb_low_D2,.wav,"800","","",Please rate the sound plausibility.,Very implausible,Implausible,Slightly implausible,Slightly plausible,Plausible,Very Plausible,"","1","1","","","","","","","","","","",800,48,"16.67",2181361,"3",1257,"",""
337,test,ClarinetBb_low_FIS3,.wav,"800","","",Please rate the sound plausibility.,Very implausible,Implausible,Slightly implausible,Slightly plausible,Plausible,Very Plausible,"","1","1","","","","","","","","","","",800,48,"16.67",2184290,"4",928,"",""
340,test,ClarinetBb_mid_FIS3,.wav,"800","","",Please rate the sound plausibility.,Very implausible,Implausible,Slightly implausible,Slightly plausible,Plausible,Very Plausible,"","1","1","","","","","","","","","","",800,48,"16.67",2187270,"3",983,"",""
338,test,ClarinetBb_low_FIS4,.wav,"800","","",Please rate the sound plausibility.,Very implausible,Implausible,Slightly implausible,Slightly plausible,Plausible,Very Plausible,"","1","1","","","","","","","","","","",800,48,"16.67",2189936,"4",676,"",""
349,test,ClarinetBb_low_D7,.wav,"800","","",Please rate the sound plausibility.,Very implausible,Implausible,Slightly implausible,Slightly plausible,Plausible,Very Plausible,"","1","1","","","","","","","","","","",801,48,"16.69",2193072,"2",1154,"",""
343,test,ClarinetBb_hig_FIS3,.wav,"800","","",Please rate the sound plausibility.,Very implausible,Implausible,Slightly implausible,Slightly plausible,Plausible,Very Plausible,"","1","1","","","","","","","","","","",801,48,"16.69",2195740,"2",670,"",""
344,test,ClarinetBb_hig_FIS4,.wav,"800","","",Please rate the sound plausibility.,Very implausible,Implausible,Slightly implausible,Slightly plausible,Plausible,Very Plausible,"","1","1","","","","","","","","","","",800,48,"16.67",2198469,"3",734,"",""
350,test,ClarinetBb_mid_D7,.wav,"800","","",Please rate the sound plausibility.,Very implausible,Implausible,Slightly implausible,Slightly plausible,Plausible,Very Plausible,"","1","1","","","","","","","","","","",800,48,"16.67",2202438,"4",1958,"",""
351,test,ClarinetBb_hig_D7,.wav,"800","","",Please rate the sound plausibility.,Very implausible,Implausible,Slightly implausible,Slightly plausible,Plausible,Very Plausible,"","1","1","","","","","","","","","","",800,48,"16.67",2205957,"4",1516,"",""
334,test,ClarinetBb_all_FIS3,.wav,"800","","",Please rate the sound plausibility.,Very implausible,Implausible,Slightly implausible,Slightly plausible,Plausible,Very Plausible,"","1","1","","","","","","","","","","",800,48,"16.67",2211608,"5",3669,"",""
348,test,ClarinetBb_hig_D2,.wav,"800","","",Please rate the sound plausibility.,Very implausible,Implausible,Slightly implausible,Slightly plausible,Plausible,Very Plausible,"","1","1","","","","","","","","","","",800,48,"16.67",2215049,"2",1430,"",""
336,test,ClarinetBb_all_FIS5,.wav,"800","","",Please rate the sound plausibility.,Very implausible,Implausible,Slightly implausible,Slightly plausible,Plausible,Very Plausible,"","1","1","","","","","","","","","","",801,48,"16.69",2217870,"4",785,"",""
347,test,ClarinetBb_mid_D2,.wav,"800","","",Please rate the sound plausibility.,Very implausible,Implausible,Slightly implausible,Slightly plausible,Plausible,Very Plausible,"","1","1","","","","","","","","","","",802,48,"16.71",2220725,"3",851,"",""
335,test,ClarinetBb_all_FIS4,.wav,"800","","",Please rate the sound plausibility.,Very implausible,Implausible,Slightly implausible,Slightly plausible,Plausible,Very Plausible,"","1","1","","","","","","","","","","",800,48,"16.67",2223500,"5",787,"",""
341,test,ClarinetBb_mid_FIS4,.wav,"800","","",Please rate the sound plausibility.,Very implausible,Implausible,Slightly implausible,Slightly plausible,Plausible,Very Plausible,"","1","1","","","","","","","","","","",801,48,"16.69",2226067,"5",556,"",""
345,test,ClarinetBb_hig_FIS5,.wav,"800","","",Please rate the sound plausibility.,Very implausible,Implausible,Slightly implausible,Slightly plausible,Plausible,Very Plausible,"","1","1","","","","","","","","","","",800,48,"16.67",2228844,"5",769,"",""
367,test,Tuba_hig_D2,.wav,"800","","",Please rate the sound plausibility.,Very implausible,Implausible,Slightly implausible,Slightly plausible,Plausible,Very Plausible,"","1","1","","","","","","","","","","",802,48,"16.71",2244263,"4",1077,"",""
357,test,Tuba_low_AIS2,.wav,"800","","",Please rate the sound plausibility.,Very implausible,Implausible,Slightly implausible,Slightly plausible,Plausible,Very Plausible,"","1","1","","","","","","","","","","",801,48,"16.69",2247288,"4",1005,"",""
353,test,Tuba_all_AIS1,.wav,"800","","",Please rate the sound plausibility.,Very implausible,Implausible,Slightly implausible,Slightly plausible,Plausible,Very Plausible,"","1","1","","","","","","","","","","",800,48,"16.67",2250020,"5",716,"",""
364,test,Tuba_hig_AIS3,.wav,"800","","",Please rate the sound plausibility.,Very implausible,Implausible,Slightly implausible,Slightly plausible,Plausible,Very Plausible,"","1","1","","","","","","","","","","",801,48,"16.69",2252891,"4",852,"",""
362,test,Tuba_hig_AIS1,.wav,"800","","",Please rate the sound plausibility.,Very implausible,Implausible,Slightly implausible,Slightly plausible,Plausible,Very Plausible,"","1","1","","","","","","","","","","",801,48,"16.69",2255522,"5",624,"",""
361,test,Tuba_mid_AIS3,.wav,"800","","",Please rate the sound plausibility.,Very implausible,Implausible,Slightly implausible,Slightly plausible,Plausible,Very Plausible,"","1","1","","","","","","","","","","",801,48,"16.69",2260257,"4",2673,"",""
365,test,Tuba_low_D2,.wav,"800","","",Please rate the sound plausibility.,Very implausible,Implausible,Slightly implausible,Slightly plausible,Plausible,Very Plausible,"","1","1","","","","","","","","","","",801,48,"16.69",2262974,"5",685,"",""
356,test,Tuba_low_AIS1,.wav,"800","","",Please rate the sound plausibility.,Very implausible,Implausible,Slightly implausible,Slightly plausible,Plausible,Very Plausible,"","1","1","","","","","","","","","","",800,48,"16.67",2265687,"5",711,"",""
363,test,Tuba_hig_AIS2,.wav,"800","","",Please rate the sound plausibility.,Very implausible,Implausible,Slightly implausible,Slightly plausible,Plausible,Very Plausible,"","1","1","","","","","","","","","","",800,48,"16.67",2269941,"4",2228,"",""
360,test,Tuba_mid_AIS2,.wav,"800","","",Please rate the sound plausibility.,Very implausible,Implausible,Slightly implausible,Slightly plausible,Plausible,Very Plausible,"","1","1","","","","","","","","","","",801,48,"16.69",2272558,"5",599,"",""
354,test,Tuba_all_AIS2,.wav,"800","","",Please rate the sound plausibility.,Very implausible,Implausible,Slightly implausible,Slightly plausible,Plausible,Very Plausible,"","1","1","","","","","","","","","","",800,48,"16.67",2275078,"5",473,"",""
358,test,Tuba_low_AIS3,.wav,"800","","",Please rate the sound plausibility.,Very implausible,Implausible,Slightly implausible,Slightly plausible,Plausible,Very Plausible,"","1","1","","","","","","","","","","",800,48,"16.67",2278300,"4",1195,"",""
359,test,Tuba_mid_AIS1,.wav,"800","","",Please rate the sound plausibility.,Very implausible,Implausible,Slightly implausible,Slightly plausible,Plausible,Very Plausible,"","1","1","","","","","","","","","","",800,48,"16.67",2281388,"5",1076,"",""
355,test,Tuba_all_AIS3,.wav,"800","","",Please rate the sound plausibility.,Very implausible,Implausible,Slightly implausible,Slightly plausible,Plausible,Very Plausible,"","1","1","","","","","","","","","","",800,48,"16.67",2284143,"4",750,"",""
366,test,Tuba_mid_D2,.wav,"800","","",Please rate the sound plausibility.,Very implausible,Implausible,Slightly implausible,Slightly plausible,Plausible,Very Plausible,"","1","1","","","","","","","","","","",801,48,"16.69",2286710,"5",549,"",""
370,form,"","","",age,Please indicate your age in years.,"","","","","","","","","","","",box,"","1","","","","","","",801,"","",2460339,"22",161783,"0",NA
370_2,form,"","","",gender,Please specify your gender.,"","","","","","","","","","","",dropdown,male,female,divers,"1","","","","If none of these categories describes you, you can add your own option here:",801,"","",2460339,male,161783,"0","1"
372,form,"","","",education,Please indicate your highest level of education.,"","","","","","","","","","","",dropdown,no formal qualification,lower secondary qualification,upper secondary qualification without university access,university entry qualification,bachelors level,masters level and above,doctorate,"",801,"","",2642096,no formal qualification,181248,"0","1"
372_2,form,"","","",strategy,What strategies did you use during the experiment?,"","","","","","","","","","","",comment,"","","","","","",(optional),"1",801,"","",2642096,NA,181248,"0",NA
390,form,"","","",msiPerception5,I am able to judge whether someone is a good singer or not.,"","","","","","","","","","","",slider,strongly disagree_disagree_somewhat disagree_neither agree nor disagree_somewhat agree_agree_strongly agree,hideStart,hideMinMax,"1","","","","",801,"","",3074578,agree,431856,"0","6"
390_2,form,"","","",msiPerception6,I usually know when I'm hearing a song for the first time.,"","","","","","","","","","","",slider,strongly disagree_disagree_somewhat disagree_neither agree nor disagree_somewhat agree_agree_strongly agree,hideStart,hideMinMax,"1","","","","",801,"","",3074578,somewhat agree,431856,"0","5"
390_3,form,"","","",msiPerception11,I find it difficult to spot mistakes in a performance of a song even if I know the tune.,"","","","","","","","","","","",slider,strongly disagree_disagree_somewhat disagree_neither agree nor disagree_somewhat agree_agree_strongly agree,hideStart,hideMinMax,"1","","","","",801,"","",3074578,somewhat disagree,431856,"0","3"
390_4,form,"","","",msiPerception12,I can compare and discuss differences between two performances or versions of the same piece of music.,"","","","","","","","","","","",slider,strongly disagree_disagree_somewhat disagree_neither agree nor disagree_somewhat agree_agree_strongly agree,hideStart,hideMinMax,"1","","","","",801,"","",3074578,agree,431856,"0","6"
390_5,form,"","","",msiPerception13,I have trouble recognizing a familiar song when played in a different way or by a different performer.,"","","","","","","","","","","",slider,strongly disagree_disagree_somewhat disagree_neither agree nor disagree_somewhat agree_agree_strongly agree,hideStart,hideMinMax,"1","","","","",801,"","",3074578,somewhat disagree,431856,"0","3"
390_6,form,"","","",msiPerception18,I can tell when people sing or play out of time with the beat.,"","","","","","","","","","","",slider,strongly disagree_disagree_somewhat disagree_neither agree nor disagree_somewhat agree_agree_strongly agree,hideStart,hideMinMax,"1","","","","",801,"","",3074578,neither agree nor disagree,431856,"0","4"
390_7,form,"","","",msiPerception22,I can tell when people sing or play out of tune.,"","","","","","","","","","","",slider,strongly disagree_disagree_somewhat disagree_neither agree nor disagree_somewhat agree_agree_strongly agree,hideStart,hideMinMax,"1","","","","",801,"","",3074578,somewhat agree,431856,"0","5"
390_8,form,"","","",msiPerception23,"When I sing, I have no idea whether I'm in tune or not.","","","","","","","","","","","",slider,strongly disagree_disagree_somewhat disagree_neither agree nor disagree_somewhat agree_agree_strongly agree,hideStart,hideMinMax,"1","","","","",801,"","",3074578,disagree,431856,"0","2"
390_9,form,"","","",msiPerception26,When I hear music I can usually identify its genre.,"",Continue,"","","","","","","","","",slider,strongly disagree_disagree_somewhat disagree_neither agree nor disagree_somewhat agree_agree_strongly agree,hideStart,hideMinMax,"1","","","","",801,"","",3074578,somewhat disagree,431856,"0","3"
390_10,form,"","","",msiTraining27,I would consider myself a musician.,"","","","","","","","","","","",slider,strongly disagree_disagree_somewhat disagree_neither agree nor disagree_somewhat agree_agree_strongly agree,hideStart,hideMinMax,"1","","","","",801,"","",3074578,neither agree nor disagree,431856,"0","4"
390_11,form,"","","",msiTraining14,I have never been complimented for my talents as a musical performer.,"","","","","","","","","","","",slider,strongly disagree_disagree_somewhat disagree_neither agree nor disagree_somewhat agree_agree_strongly agree,hideStart,hideMinMax,"1","","","","",801,"","",3074578,somewhat disagree,431856,"0","3"
390_12,form,"","","",msiTraining32,"I engaged in regular, daily practice of a musical instrument (including voice) for ___ years.","","","","","","","","","","","",slider,0_1_2_3_4-5_6-9_10 or more,hideStart,hideMinMax,"1","","","","",801,"","",3074578,"0",431856,"0","1"
390_13,form,"","","",msiTraining37,I can play ___ musical instruments.,"","","","","","","","","","","",slider,0_1_2_3_4_5_6 or more,hideStart,hideMinMax,"1","","","","",801,"","",3074578,"2",431856,"0","3"
390_14,form,"","","",msiTraining33,"At the peak of my interest, I practiced ___ hours per day on my primary instrument.","","","","","","","","","","","",slider,0-15 min_15-30 min_30-60 min_60-90 min_2 hours_2-3 hours_4 hours or more,hideStart,hideMinMax,"1","","","","",801,"","",3074578,15-30 min,431856,"0","2"
390_15,form,"","","",msiTraining35,I have had formal training in music theory for __ years.,"","","","","","","","","","","",slider,0_0.5_1_1.5_2_3-4_5 or more,hideStart,hideMinMax,"1","","","","",801,"","",3074578,5 or more,431856,"0","7"
390_16,form,"","","",msiTraining36,I have had __ years of formal training on a musical instrument (including voice) during my lifetime.,"","","","","","","","","","","",slider,0_0.5_1_1.5_2_3-4_5 or more,hideStart,hideMinMax,"1","","","","",801,"","",3074578,5 or more,431856,"0","7"
390_17,form,"","","",comments1,Do you have any comments/suggestions/improvements to this experiment?,"","","","","","","","","","","",comment,"","","","","","",(optional),"",801,"","",3074578,NA,431856,"0",NA
390_18,form,"","","",comments2,How did you find out about this study?,"",Finish,"","","","","","","","","",comment,"","","1",end,"","",(optional),"",801,"","",3074578,NA,431856,"0",NA